firmID,analystID,yq,actual,value,nobs,no_ANA
AAPL,677,200001,0.0314,0.0279,634,277
AAPL,1041,200001,0.0314,0.0282,576,277
AAPL,1047,200001,0.0314,0.0289,729,277
AAPL,1997,200001,0.0314,0.0289,1548,277
AAPL,9077,200001,0.0314,0.0304,434,277
AAPL,10014,200001,0.0314,0.0279,295,277
AAPL,40709,200001,0.0314,0.0293,322,277
AAPL,42923,200001,0.0314,0.0271,226,277
AAPL,44384,200001,0.0314,0.0286,183,277
AAPL,47225,200001,0.0314,0.0289,577,277
AAPL,71723,200001,0.0314,0.03,298,277
AAPL,92159,200001,0.0314,0.0279,1611,277
AAPL,677,200002,0.0321,0.0307,634,277
AAPL,1041,200002,0.0321,0.0321,576,277
AAPL,1047,200002,0.0321,0.0321,729,277
AAPL,1997,200002,0.0321,0.0307,1548,277
AAPL,9077,200002,0.0321,0.0325,434,277
AAPL,10014,200002,0.0321,0.0311,295,277
AAPL,40709,200002,0.0321,0.0307,322,277
AAPL,42923,200002,0.0321,0.0318,226,277
AAPL,44384,200002,0.0321,0.0307,183,277
AAPL,47225,200002,0.0321,0.0314,577,277
AAPL,71723,200002,0.0321,0.0311,298,277
AAPL,92159,200002,0.0321,0.0321,1611,277
AAPL,677,200003,0.0214,0.0236,634,277
AAPL,1041,200003,0.0214,0.0214,576,277
AAPL,1047,200003,0.0214,0.0229,729,277
AAPL,1997,200003,0.0214,0.0221,1548,277
AAPL,9845,200003,0.0214,0.0229,657,277
AAPL,10014,200003,0.0214,0.0221,295,277
AAPL,40709,200003,0.0214,0.0229,322,277
AAPL,42923,200003,0.0214,0.0321,226,277
AAPL,44384,200003,0.0214,0.0214,183,277
AAPL,47225,200003,0.0214,0.0229,577,277
AAPL,70648,200003,0.0214,0.0221,219,277
AAPL,71723,200003,0.0214,0.0229,298,277
AAPL,92159,200003,0.0214,0.0286,1611,277
AAPL,677,200004,-0.0521,0.0007,634,277
AAPL,1041,200004,-0.0521,0.0036,576,277
AAPL,1047,200004,-0.0521,-0.0471,729,277
AAPL,1997,200004,-0.0521,-0.0471,1548,277
AAPL,9077,200004,-0.0521,-0.0436,434,277
AAPL,9845,200004,-0.0521,-0.0464,657,277
AAPL,10014,200004,-0.0521,-0.045,295,277
AAPL,44384,200004,-0.0521,-0.0443,183,277
AAPL,47225,200004,-0.0521,-0.0471,577,277
AAPL,70648,200004,-0.0521,-0.0464,219,277
AAPL,71723,200004,-0.0521,-0.0457,298,277
AAPL,92159,200004,-0.0521,-0.0464,1611,277
AAPL,1041,200101,0.0079,0.005,576,277
AAPL,1047,200101,0.0079,0.0029,729,277
AAPL,1997,200101,0.0079,0.0007,1548,277
AAPL,9077,200101,0.0079,0.0014,434,277
AAPL,9845,200101,0.0079,0.0036,657,277
AAPL,10014,200101,0.0079,-0.0057,295,277
AAPL,40709,200101,0.0079,0.0021,322,277
AAPL,44384,200101,0.0079,0,183,277
AAPL,47225,200101,0.0079,0.0043,577,277
AAPL,49595,200101,0.0079,0.0021,740,277
AAPL,70648,200101,0.0079,0.0014,219,277
AAPL,92159,200101,0.0079,0,1611,277
AAPL,677,200102,0.0121,0.0107,634,277
AAPL,1041,200102,0.0121,0.0121,576,277
AAPL,1047,200102,0.0121,0.0186,729,277
AAPL,1997,200102,0.0121,0,1548,277
AAPL,9077,200102,0.0121,0.0121,434,277
AAPL,9845,200102,0.0121,0.01,657,277
AAPL,10014,200102,0.0121,0.0086,295,277
AAPL,40709,200102,0.0121,0.01,322,277
AAPL,44384,200102,0.0121,0.0121,183,277
AAPL,47225,200102,0.0121,0.0114,577,277
AAPL,49595,200102,0.0121,0.0093,740,277
AAPL,70648,200102,0.0121,0.0121,219,277
AAPL,92159,200102,0.0121,0.0043,1611,277
AAPL,677,200103,0.0129,0.0143,634,277
AAPL,1041,200103,0.0129,0.0143,576,277
AAPL,1047,200103,0.0129,0.0143,729,277
AAPL,1997,200103,0.0129,0.0093,1548,277
AAPL,9077,200103,0.0129,0.0121,434,277
AAPL,9845,200103,0.0129,0.0136,657,277
AAPL,10014,200103,0.0129,0.0107,295,277
AAPL,40709,200103,0.0129,0.0043,322,277
AAPL,42923,200103,0.0129,0.0071,226,277
AAPL,44384,200103,0.0129,0.0129,183,277
AAPL,47225,200103,0.0129,0.0129,577,277
AAPL,70648,200103,0.0129,0.0114,219,277
AAPL,77289,200103,0.0129,0.0136,106,277
AAPL,92159,200103,0.0129,0.01,1611,277
AAPL,677,200104,0.0079,0.0086,634,277
AAPL,1041,200104,0.0079,0.0157,576,277
AAPL,1047,200104,0.0079,0.0079,729,277
AAPL,1997,200104,0.0079,0.0079,1548,277
AAPL,9077,200104,0.0079,0.0071,434,277
AAPL,9845,200104,0.0079,0.0071,657,277
AAPL,10014,200104,0.0079,0.0071,295,277
AAPL,40709,200104,0.0079,0.0079,322,277
AAPL,42923,200104,0.0079,0.0071,226,277
AAPL,44384,200104,0.0079,0.0086,183,277
AAPL,47225,200104,0.0079,0.0093,577,277
AAPL,70648,200104,0.0079,0.0071,219,277
AAPL,71723,200104,0.0079,0.0079,298,277
AAPL,77289,200104,0.0079,0.0093,106,277
AAPL,92159,200104,0.0079,0.0071,1611,277
AAPL,677,200201,0.0079,0.005,634,277
AAPL,1041,200201,0.0079,0.0086,576,277
AAPL,1047,200201,0.0079,0.0071,729,277
AAPL,1997,200201,0.0079,0.0079,1548,277
AAPL,9077,200201,0.0079,0.0079,434,277
AAPL,9845,200201,0.0079,0.0079,657,277
AAPL,10014,200201,0.0079,0.0071,295,277
AAPL,40709,200201,0.0079,0.0079,322,277
AAPL,42923,200201,0.0079,0.0064,226,277
AAPL,47225,200201,0.0079,0.0079,577,277
AAPL,70648,200201,0.0079,0.0079,219,277
AAPL,71723,200201,0.0079,0.0043,298,277
AAPL,77289,200201,0.0079,0.0079,106,277
AAPL,92159,200201,0.0079,0.0043,1611,277
AAPL,677,200202,0.0064,0.0064,634,277
AAPL,1041,200202,0.0064,0.0057,576,277
AAPL,1047,200202,0.0064,0.0064,729,277
AAPL,1997,200202,0.0064,0.0064,1548,277
AAPL,9077,200202,0.0064,0.0107,434,277
AAPL,9845,200202,0.0064,0.0064,657,277
AAPL,10014,200202,0.0064,0.0057,295,277
AAPL,10163,200202,0.0064,0.0064,335,277
AAPL,40709,200202,0.0064,0.0064,322,277
AAPL,42923,200202,0.0064,0.0057,226,277
AAPL,44384,200202,0.0064,0.0093,183,277
AAPL,47225,200202,0.0064,0.0064,577,277
AAPL,70648,200202,0.0064,0.0093,219,277
AAPL,70745,200202,0.0064,0.0057,461,277
AAPL,71723,200202,0.0064,0.0064,298,277
AAPL,77289,200202,0.0064,0.0064,106,277
AAPL,92159,200202,0.0064,0.0064,1611,277
AAPL,677,200203,0.0014,0.0007,634,277
AAPL,1041,200203,0.0014,0.0014,576,277
AAPL,1047,200203,0.0014,0.0029,729,277
AAPL,1997,200203,0.0014,0.0014,1548,277
AAPL,9845,200203,0.0014,0.0014,657,277
AAPL,10014,200203,0.0014,0.0014,295,277
AAPL,10163,200203,0.0014,0.0021,335,277
AAPL,40709,200203,0.0014,0.0014,322,277
AAPL,42923,200203,0.0014,0.0014,226,277
AAPL,47225,200203,0.0014,0.0021,577,277
AAPL,70745,200203,0.0014,0.0014,461,277
AAPL,71723,200203,0.0014,0.01,298,277
AAPL,77289,200203,0.0014,0.0014,106,277
AAPL,78117,200203,0.0014,0.0014,211,277
AAPL,92159,200203,0.0014,0.0029,1611,277
AAPL,677,200204,0.0021,0.0021,634,277
AAPL,1041,200204,0.0021,0.0029,576,277
AAPL,1047,200204,0.0021,0.0036,729,277
AAPL,1997,200204,0.0021,0.0021,1548,277
AAPL,9845,200204,0.0021,0.0021,657,277
AAPL,10014,200204,0.0021,0.0014,295,277
AAPL,10163,200204,0.0021,0.0021,335,277
AAPL,40709,200204,0.0021,0.0007,322,277
AAPL,42923,200204,0.0021,0.0036,226,277
AAPL,47225,200204,0.0021,0.0021,577,277
AAPL,70745,200204,0.0021,0.0021,461,277
AAPL,75007,200204,0.0021,0.0021,395,277
AAPL,77289,200204,0.0021,0.0014,106,277
AAPL,78117,200204,0.0021,0.0014,211,277
AAPL,92159,200204,0.0021,0.0021,1611,277
AAPL,1041,200301,0.0029,0.0014,576,277
AAPL,1047,200301,0.0029,0.0029,729,277
AAPL,1997,200301,0.0029,0.0014,1548,277
AAPL,9845,200301,0.0029,0.0014,657,277
AAPL,10163,200301,0.0029,0.0014,335,277
AAPL,40709,200301,0.0029,0.0021,322,277
AAPL,47225,200301,0.0029,0.0014,577,277
AAPL,70745,200301,0.0029,0.0014,461,277
AAPL,75007,200301,0.0029,0.0014,395,277
AAPL,77289,200301,0.0029,0.0007,106,277
AAPL,78117,200301,0.0029,0.0014,211,277
AAPL,91167,200301,0.0029,0.0014,334,277
AAPL,92159,200301,0.0029,0.0021,1611,277
AAPL,1047,200302,0.0036,0.0043,729,277
AAPL,1997,200302,0.0036,0.0014,1548,277
AAPL,9845,200302,0.0036,0.0014,657,277
AAPL,10014,200302,0.0036,0.0014,295,277
AAPL,10163,200302,0.0036,0.0014,335,277
AAPL,47225,200302,0.0036,0.0021,577,277
AAPL,70745,200302,0.0036,0.0021,461,277
AAPL,75007,200302,0.0036,0.0036,395,277
AAPL,77289,200302,0.0036,0.0014,106,277
AAPL,78117,200302,0.0036,0.0021,211,277
AAPL,91167,200302,0.0036,0.0029,334,277
AAPL,92159,200302,0.0036,0.0021,1611,277
AAPL,1047,200303,0.0057,0.0057,729,277
AAPL,1997,200303,0.0057,0.005,1548,277
AAPL,9845,200303,0.0057,0.005,657,277
AAPL,10014,200303,0.0057,0.0043,295,277
AAPL,10163,200303,0.0057,0.0043,335,277
AAPL,47225,200303,0.0057,0.0043,577,277
AAPL,70745,200303,0.0057,0.0043,461,277
AAPL,75007,200303,0.0057,0.005,395,277
AAPL,77289,200303,0.0057,0.005,106,277
AAPL,78117,200303,0.0057,0.005,211,277
AAPL,91167,200303,0.0057,0.0043,334,277
AAPL,92159,200303,0.0057,0.005,1611,277
AAPL,1047,200304,0.0114,0.0107,729,277
AAPL,1997,200304,0.0114,0.01,1548,277
AAPL,8065,200304,0.0114,0.0107,1278,277
AAPL,9845,200304,0.0114,0.01,657,277
AAPL,10014,200304,0.0114,0.0093,295,277
AAPL,10163,200304,0.0114,0.0129,335,277
AAPL,47225,200304,0.0114,0.0114,577,277
AAPL,49595,200304,0.0114,0.01,740,277
AAPL,56181,200304,0.0114,0.0107,555,277
AAPL,70706,200304,0.0114,0.0107,1023,277
AAPL,70745,200304,0.0114,0.01,461,277
AAPL,72446,200304,0.0114,0.01,624,277
AAPL,75007,200304,0.0114,0.0114,395,277
AAPL,78117,200304,0.0114,0.01,211,277
AAPL,91167,200304,0.0114,0.01,334,277
AAPL,92159,200304,0.0114,0.01,1611,277
AAPL,1047,200401,0.01,0.0064,729,277
AAPL,1997,200401,0.01,0.0064,1548,277
AAPL,8065,200401,0.01,0.0071,1278,277
AAPL,10014,200401,0.01,0.0064,295,277
AAPL,10163,200401,0.01,0.0071,335,277
AAPL,47225,200401,0.01,0.0079,577,277
AAPL,49595,200401,0.01,0.0064,740,277
AAPL,56181,200401,0.01,0.0071,555,277
AAPL,70706,200401,0.01,0.0071,1023,277
AAPL,70745,200401,0.01,0.0064,461,277
AAPL,72446,200401,0.01,0.0064,624,277
AAPL,75007,200401,0.01,0.0064,395,277
AAPL,78117,200401,0.01,0.0071,211,277
AAPL,91167,200401,0.01,0.0071,334,277
AAPL,92159,200401,0.01,0.0064,1611,277
AAPL,1047,200402,0.0121,0.01,729,277
AAPL,1997,200402,0.0121,0.0107,1548,277
AAPL,8065,200402,0.0121,0.0107,1278,277
AAPL,10014,200402,0.0121,0.01,295,277
AAPL,10163,200402,0.0121,0.0107,335,277
AAPL,10362,200402,0.0121,0.0114,495,277
AAPL,47225,200402,0.0121,0.01,577,277
AAPL,49595,200402,0.0121,0.0107,740,277
AAPL,56181,200402,0.0121,0.0107,555,277
AAPL,59325,200402,0.0121,0.0107,1361,277
AAPL,70706,200402,0.0121,0.0107,1023,277
AAPL,70745,200402,0.0121,0.0107,461,277
AAPL,72446,200402,0.0121,0.01,624,277
AAPL,75007,200402,0.0121,0.0107,395,277
AAPL,78117,200402,0.0121,0.0107,211,277
AAPL,91167,200402,0.0121,0.0107,334,277
AAPL,92159,200402,0.0121,0.0064,1611,277
AAPL,1924,200403,0.0193,0.0143,720,277
AAPL,1997,200403,0.0193,0.0129,1548,277
AAPL,8065,200403,0.0193,0.0136,1278,277
AAPL,10014,200403,0.0193,0.0129,295,277
AAPL,10163,200403,0.0193,0.0143,335,277
AAPL,10362,200403,0.0193,0.0129,495,277
AAPL,47225,200403,0.0193,0.0143,577,277
AAPL,49595,200403,0.0193,0.0136,740,277
AAPL,56181,200403,0.0193,0.0129,555,277
AAPL,59325,200403,0.0193,0.0121,1361,277
AAPL,70706,200403,0.0193,0.015,1023,277
AAPL,70745,200403,0.0193,0.0136,461,277
AAPL,72446,200403,0.0193,0.0136,624,277
AAPL,75007,200403,0.0193,0.0129,395,277
AAPL,78117,200403,0.0193,0.0129,211,277
AAPL,85160,200403,0.0193,0.0121,144,277
AAPL,91167,200403,0.0193,0.0121,334,277
AAPL,1047,200404,0.05,0.0364,729,277
AAPL,1924,200404,0.05,0.0343,720,277
AAPL,1997,200404,0.05,0.0357,1548,277
AAPL,8065,200404,0.05,0.0336,1278,277
AAPL,10014,200404,0.05,0.0379,295,277
AAPL,10163,200404,0.05,0.03,335,277
AAPL,10362,200404,0.05,0.0329,495,277
AAPL,47225,200404,0.05,0.0371,577,277
AAPL,49595,200404,0.05,0.0329,740,277
AAPL,56181,200404,0.05,0.0336,555,277
AAPL,59325,200404,0.05,0.0329,1361,277
AAPL,70648,200404,0.05,0.0364,219,277
AAPL,70706,200404,0.05,0.0371,1023,277
AAPL,70745,200404,0.05,0.0357,461,277
AAPL,70850,200404,0.05,0.035,396,277
AAPL,72446,200404,0.05,0.035,624,277
AAPL,75007,200404,0.05,0.0357,395,277
AAPL,78117,200404,0.05,0.0357,211,277
AAPL,85160,200404,0.05,0.0393,144,277
AAPL,91167,200404,0.05,0.0336,334,277
AAPL,1047,200501,0.0486,0.0307,729,277
AAPL,1924,200501,0.0486,0.0414,720,277
AAPL,1997,200501,0.0486,0.0343,1548,277
AAPL,8065,200501,0.0486,0.0314,1278,277
AAPL,10014,200501,0.0486,0.0357,295,277
AAPL,10163,200501,0.0486,0.0343,335,277
AAPL,10362,200501,0.0486,0.0343,495,277
AAPL,47225,200501,0.0486,0.0429,577,277
AAPL,49595,200501,0.0486,0.0321,740,277
AAPL,56181,200501,0.0486,0.0357,555,277
AAPL,59325,200501,0.0486,0.03,1361,277
AAPL,70648,200501,0.0486,0.0386,219,277
AAPL,70706,200501,0.0486,0.0314,1023,277
AAPL,70745,200501,0.0486,0.0371,461,277
AAPL,70850,200501,0.0486,0.0357,396,277
AAPL,72446,200501,0.0486,0.0371,624,277
AAPL,75007,200501,0.0486,0.0329,395,277
AAPL,78117,200501,0.0486,0.0357,211,277
AAPL,85160,200501,0.0486,0.0357,144,277
AAPL,91167,200501,0.0486,0.0343,334,277
AAPL,1047,200502,0.0529,0.0443,729,277
AAPL,1924,200502,0.0529,0.0429,720,277
AAPL,1997,200502,0.0529,0.0443,1548,277
AAPL,8065,200502,0.0529,0.0429,1278,277
AAPL,10014,200502,0.0529,0.0429,295,277
AAPL,10163,200502,0.0529,0.0486,335,277
AAPL,10362,200502,0.0529,0.0429,495,277
AAPL,47225,200502,0.0529,0.0471,577,277
AAPL,49595,200502,0.0529,0.0429,740,277
AAPL,56181,200502,0.0529,0.0457,555,277
AAPL,59325,200502,0.0529,0.0443,1361,277
AAPL,70648,200502,0.0529,0.0457,219,277
AAPL,70706,200502,0.0529,0.0443,1023,277
AAPL,70745,200502,0.0529,0.0457,461,277
AAPL,70850,200502,0.0529,0.0486,396,277
AAPL,72446,200502,0.0529,0.0457,624,277
AAPL,75007,200502,0.0529,0.0471,395,277
AAPL,78117,200502,0.0529,0.0486,211,277
AAPL,85160,200502,0.0529,0.0443,144,277
AAPL,91167,200502,0.0529,0.0429,334,277
AAPL,1047,200503,0.0543,0.0471,729,277
AAPL,1924,200503,0.0543,0.0529,720,277
AAPL,1997,200503,0.0543,0.0529,1548,277
AAPL,8065,200503,0.0543,0.0543,1278,277
AAPL,10014,200503,0.0543,0.0514,295,277
AAPL,10163,200503,0.0543,0.0529,335,277
AAPL,10362,200503,0.0543,0.0514,495,277
AAPL,47225,200503,0.0543,0.0586,577,277
AAPL,49595,200503,0.0543,0.0529,740,277
AAPL,53315,200503,0.0543,0.0514,539,277
AAPL,56181,200503,0.0543,0.0543,555,277
AAPL,59325,200503,0.0543,0.0543,1361,277
AAPL,70648,200503,0.0543,0.054,219,277
AAPL,70706,200503,0.0543,0.0543,1023,277
AAPL,70745,200503,0.0543,0.0543,461,277
AAPL,70850,200503,0.0543,0.0614,396,277
AAPL,72446,200503,0.0543,0.0557,624,277
AAPL,75007,200503,0.0543,0.0557,395,277
AAPL,78117,200503,0.0543,0.0529,211,277
AAPL,85160,200503,0.0543,0.0486,144,277
AAPL,91167,200503,0.0543,0.0514,334,277
AAPL,108616,200503,0.0543,0.0529,84,277
AAPL,1047,200504,0.0929,0.0857,729,277
AAPL,1924,200504,0.0929,0.0829,720,277
AAPL,1997,200504,0.0929,0.0943,1548,277
AAPL,10014,200504,0.0929,0.0714,295,277
AAPL,10163,200504,0.0929,0.0843,335,277
AAPL,10362,200504,0.0929,0.0743,495,277
AAPL,47225,200504,0.0929,0.09,577,277
AAPL,49595,200504,0.0929,0.0971,740,277
AAPL,53315,200504,0.0929,0.0829,539,277
AAPL,56181,200504,0.0929,0.0986,555,277
AAPL,59325,200504,0.0929,0.0871,1361,277
AAPL,70648,200504,0.0929,0.0753,219,277
AAPL,70706,200504,0.0929,0.0843,1023,277
AAPL,70745,200504,0.0929,0.0957,461,277
AAPL,70850,200504,0.0929,0.0857,396,277
AAPL,72446,200504,0.0929,0.0929,624,277
AAPL,75007,200504,0.0929,0.0714,395,277
AAPL,78117,200504,0.0929,0.0914,211,277
AAPL,85160,200504,0.0929,0.09,144,277
AAPL,91167,200504,0.0929,0.0886,334,277
AAPL,108616,200504,0.0929,0.0886,84,277
AAPL,1047,200601,0.0671,0.0543,729,277
AAPL,1924,200601,0.0671,0.06,720,277
AAPL,1997,200601,0.0671,0.07,1548,277
AAPL,10014,200601,0.0671,0.0629,295,277
AAPL,10163,200601,0.0671,0.0557,335,277
AAPL,10362,200601,0.0671,0.0614,495,277
AAPL,47225,200601,0.0671,0.0643,577,277
AAPL,49595,200601,0.0671,0.0614,740,277
AAPL,53315,200601,0.0671,0.0629,539,277
AAPL,56181,200601,0.0671,0.0629,555,277
AAPL,59325,200601,0.0671,0.0671,1361,277
AAPL,70648,200601,0.0671,0.0643,219,277
AAPL,70706,200601,0.0671,0.0657,1023,277
AAPL,70745,200601,0.0671,0.0571,461,277
AAPL,70850,200601,0.0671,0.0614,396,277
AAPL,72446,200601,0.0671,0.06,624,277
AAPL,78117,200601,0.0671,0.0586,211,277
AAPL,85160,200601,0.0671,0.0629,144,277
AAPL,89770,200601,0.0671,0.06,558,277
AAPL,91167,200601,0.0671,0.06,334,277
AAPL,108616,200601,0.0671,0.0714,84,277
AAPL,1047,200602,0.0771,0.0586,729,277
AAPL,1924,200602,0.0771,0.0614,720,277
AAPL,1997,200602,0.0771,0.0643,1548,277
AAPL,10014,200602,0.0771,0.0614,295,277
AAPL,10362,200602,0.0771,0.0614,495,277
AAPL,47225,200602,0.0771,0.0614,577,277
AAPL,49595,200602,0.0771,0.06,740,277
AAPL,53315,200602,0.0771,0.0643,539,277
AAPL,56181,200602,0.0771,0.0686,555,277
AAPL,59325,200602,0.0771,0.0629,1361,277
AAPL,70648,200602,0.0771,0.0614,219,277
AAPL,70706,200602,0.0771,0.0671,1023,277
AAPL,70745,200602,0.0771,0.0571,461,277
AAPL,70850,200602,0.0771,0.06,396,277
AAPL,72446,200602,0.0771,0.0629,624,277
AAPL,78117,200602,0.0771,0.0643,211,277
AAPL,85160,200602,0.0771,0.0586,144,277
AAPL,89265,200602,0.0771,0.0629,63,277
AAPL,89770,200602,0.0771,0.0657,558,277
AAPL,91167,200602,0.0771,0.0671,334,277
AAPL,108616,200602,0.0771,0.0614,84,277
AAPL,1047,200603,0.0886,0.07,729,277
AAPL,1924,200603,0.0886,0.0657,720,277
AAPL,1997,200603,0.0886,0.0714,1548,277
AAPL,10163,200603,0.0886,0.07,335,277
AAPL,10362,200603,0.0886,0.0714,495,277
AAPL,47225,200603,0.0886,0.0771,577,277
AAPL,49595,200603,0.0886,0.0714,740,277
AAPL,53315,200603,0.0886,0.0714,539,277
AAPL,56181,200603,0.0886,0.0771,555,277
AAPL,59325,200603,0.0886,0.0714,1361,277
AAPL,70648,200603,0.0886,0.07,219,277
AAPL,70706,200603,0.0886,0.0771,1023,277
AAPL,70745,200603,0.0886,0.0743,461,277
AAPL,70850,200603,0.0886,0.07,396,277
AAPL,72446,200603,0.0886,0.0729,624,277
AAPL,85160,200603,0.0886,0.0743,144,277
AAPL,89265,200603,0.0886,0.07,63,277
AAPL,89770,200603,0.0886,0.0729,558,277
AAPL,91167,200603,0.0886,0.0729,334,277
AAPL,108616,200603,0.0886,0.0729,84,277
AAPL,1047,200604,0.1629,0.1071,729,277
AAPL,1924,200604,0.1629,0.1,720,277
AAPL,1997,200604,0.1629,0.1114,1548,277
AAPL,10163,200604,0.1629,0.1057,335,277
AAPL,10362,200604,0.1629,0.1057,495,277
AAPL,47225,200604,0.1629,0.1186,577,277
AAPL,49595,200604,0.1629,0.1143,740,277
AAPL,53315,200604,0.1629,0.1114,539,277
AAPL,56181,200604,0.1629,0.1171,555,277
AAPL,58063,200604,0.1629,0.1114,1554,277
AAPL,58377,200604,0.1629,0.1143,389,277
AAPL,59325,200604,0.1629,0.1043,1361,277
AAPL,70648,200604,0.1629,0.1114,219,277
AAPL,70706,200604,0.1629,0.1129,1023,277
AAPL,70745,200604,0.1629,0.1157,461,277
AAPL,70850,200604,0.1629,0.1129,396,277
AAPL,72446,200604,0.1629,0.1171,624,277
AAPL,85160,200604,0.1629,0.1171,144,277
AAPL,89265,200604,0.1629,0.1143,63,277
AAPL,89770,200604,0.1629,0.1071,558,277
AAPL,91167,200604,0.1629,0.1143,334,277
AAPL,108616,200604,0.1629,0.1157,84,277
AAPL,1047,200701,0.1243,0.0757,729,277
AAPL,1924,200701,0.1243,0.0957,720,277
AAPL,1997,200701,0.1243,0.0929,1548,277
AAPL,10163,200701,0.1243,0.0814,335,277
AAPL,10362,200701,0.1243,0.0843,495,277
AAPL,47225,200701,0.1243,0.1043,577,277
AAPL,49595,200701,0.1243,0.09,740,277
AAPL,53315,200701,0.1243,0.0957,539,277
AAPL,56181,200701,0.1243,0.0929,555,277
AAPL,58063,200701,0.1243,0.1014,1554,277
AAPL,58377,200701,0.1243,0.1043,389,277
AAPL,59325,200701,0.1243,0.0786,1361,277
AAPL,70648,200701,0.1243,0.0914,219,277
AAPL,70706,200701,0.1243,0.08,1023,277
AAPL,70745,200701,0.1243,0.0914,461,277
AAPL,70850,200701,0.1243,0.09,396,277
AAPL,72446,200701,0.1243,0.0943,624,277
AAPL,85160,200701,0.1243,0.0857,144,277
AAPL,86702,200701,0.1243,0.0871,631,277
AAPL,89265,200701,0.1243,0.0843,63,277
AAPL,89770,200701,0.1243,0.0857,558,277
AAPL,91167,200701,0.1243,0.0914,334,277
AAPL,108616,200701,0.1243,0.0971,84,277
AAPL,1047,200702,0.1314,0.0871,729,277
AAPL,1924,200702,0.1314,0.1,720,277
AAPL,1997,200702,0.1314,0.1043,1548,277
AAPL,10163,200702,0.1314,0.0843,335,277
AAPL,10362,200702,0.1314,0.0957,495,277
AAPL,47225,200702,0.1314,0.1,577,277
AAPL,49595,200702,0.1314,0.1014,740,277
AAPL,53315,200702,0.1314,0.0986,539,277
AAPL,56181,200702,0.1314,0.1129,555,277
AAPL,58063,200702,0.1314,0.1057,1554,277
AAPL,58377,200702,0.1314,0.0971,389,277
AAPL,59325,200702,0.1314,0.0943,1361,277
AAPL,70648,200702,0.1314,0.1029,219,277
AAPL,70745,200702,0.1314,0.1129,461,277
AAPL,70850,200702,0.1314,0.1043,396,277
AAPL,72446,200702,0.1314,0.1057,624,277
AAPL,81452,200702,0.1314,0.11,249,277
AAPL,85160,200702,0.1314,0.1057,144,277
AAPL,86702,200702,0.1314,0.0986,631,277
AAPL,89265,200702,0.1314,0.1086,63,277
AAPL,89549,200702,0.1314,0.1043,328,277
AAPL,89770,200702,0.1314,0.0986,558,277
AAPL,91167,200702,0.1314,0.1043,334,277
AAPL,108616,200702,0.1314,0.0971,84,277
AAPL,113333,200702,0.1314,0.0971,572,277
AAPL,1924,200703,0.1443,0.1314,720,277
AAPL,1997,200703,0.1443,0.1186,1548,277
AAPL,44121,200703,0.1443,0.1243,686,277
AAPL,47225,200703,0.1443,0.1243,577,277
AAPL,49595,200703,0.1443,0.1157,740,277
AAPL,53315,200703,0.1443,0.1214,539,277
AAPL,56181,200703,0.1443,0.1386,555,277
AAPL,58063,200703,0.1443,0.14,1554,277
AAPL,58377,200703,0.1443,0.1271,389,277
AAPL,59325,200703,0.1443,0.1029,1361,277
AAPL,70648,200703,0.1443,0.1214,219,277
AAPL,70706,200703,0.1443,0.1214,1023,277
AAPL,70745,200703,0.1443,0.13,461,277
AAPL,70850,200703,0.1443,0.1186,396,277
AAPL,72069,200703,0.1443,0.1157,1077,277
AAPL,72446,200703,0.1443,0.1229,624,277
AAPL,81452,200703,0.1443,0.1257,249,277
AAPL,85160,200703,0.1443,0.1243,144,277
AAPL,86702,200703,0.1443,0.1171,631,277
AAPL,89265,200703,0.1443,0.1129,63,277
AAPL,89549,200703,0.1443,0.12,328,277
AAPL,89770,200703,0.1443,0.1214,558,277
AAPL,91167,200703,0.1443,0.1243,334,277
AAPL,108616,200703,0.1443,0.0986,84,277
AAPL,113333,200703,0.1443,0.13,572,277
AAPL,1047,200704,0.2514,0.2271,729,277
AAPL,1924,200704,0.2514,0.2014,720,277
AAPL,1997,200704,0.2514,0.25,1548,277
AAPL,44121,200704,0.2514,0.2286,686,277
AAPL,47225,200704,0.2514,0.2271,577,277
AAPL,49595,200704,0.2514,0.2229,740,277
AAPL,53315,200704,0.2514,0.2114,539,277
AAPL,56181,200704,0.2514,0.2486,555,277
AAPL,58063,200704,0.2514,0.2386,1554,277
AAPL,58377,200704,0.2514,0.2429,389,277
AAPL,59325,200704,0.2514,0.2143,1361,277
AAPL,70648,200704,0.2514,0.2286,219,277
AAPL,70706,200704,0.2514,0.2357,1023,277
AAPL,70745,200704,0.2514,0.2529,461,277
AAPL,70850,200704,0.2514,0.2329,396,277
AAPL,71466,200704,0.2514,0.2086,499,277
AAPL,72069,200704,0.2514,0.25,1077,277
AAPL,72446,200704,0.2514,0.2314,624,277
AAPL,81452,200704,0.2514,0.2343,249,277
AAPL,85160,200704,0.2514,0.2214,144,277
AAPL,86702,200704,0.2514,0.2357,631,277
AAPL,89265,200704,0.2514,0.2114,63,277
AAPL,89770,200704,0.2514,0.2029,558,277
AAPL,91167,200704,0.2514,0.23,334,277
AAPL,113333,200704,0.2514,0.2457,572,277
AAPL,1047,200801,0.1657,0.1429,729,277
AAPL,1997,200801,0.1657,0.1543,1548,277
AAPL,44121,200801,0.1657,0.1657,686,277
AAPL,47225,200801,0.1657,0.1757,577,277
AAPL,49595,200801,0.1657,0.15,740,277
AAPL,53315,200801,0.1657,0.1429,539,277
AAPL,56181,200801,0.1657,0.1586,555,277
AAPL,58063,200801,0.1657,0.16,1554,277
AAPL,58377,200801,0.1657,0.1614,389,277
AAPL,59325,200801,0.1657,0.1529,1361,277
AAPL,70648,200801,0.1657,0.1557,219,277
AAPL,70706,200801,0.1657,0.1486,1023,277
AAPL,70745,200801,0.1657,0.1614,461,277
AAPL,70850,200801,0.1657,0.1571,396,277
AAPL,71466,200801,0.1657,0.1386,499,277
AAPL,72069,200801,0.1657,0.1571,1077,277
AAPL,72446,200801,0.1657,0.15,624,277
AAPL,81452,200801,0.1657,0.1586,249,277
AAPL,85160,200801,0.1657,0.1357,144,277
AAPL,86702,200801,0.1657,0.1571,631,277
AAPL,89265,200801,0.1657,0.1686,63,277
AAPL,89770,200801,0.1657,0.1343,558,277
AAPL,91167,200801,0.1657,0.1529,334,277
AAPL,106330,200801,0.1657,0.1557,710,277
AAPL,107105,200801,0.1657,0.15,412,277
AAPL,108873,200801,0.1657,0.15,158,277
AAPL,113333,200801,0.1657,0.1514,572,277
AAPL,125796,200801,0.1657,0.1671,316,277
AAPL,1047,200802,0.17,0.1486,729,277
AAPL,1997,200802,0.17,0.1571,1548,277
AAPL,44121,200802,0.17,0.1571,686,277
AAPL,47225,200802,0.17,0.1571,577,277
AAPL,49595,200802,0.17,0.1557,740,277
AAPL,53315,200802,0.17,0.1514,539,277
AAPL,56181,200802,0.17,0.1543,555,277
AAPL,58063,200802,0.17,0.1571,1554,277
AAPL,58377,200802,0.17,0.16,389,277
AAPL,59325,200802,0.17,0.1443,1361,277
AAPL,70648,200802,0.17,0.1529,219,277
AAPL,70706,200802,0.17,0.1457,1023,277
AAPL,70850,200802,0.17,0.1571,396,277
AAPL,71466,200802,0.17,0.1557,499,277
AAPL,72069,200802,0.17,0.1571,1077,277
AAPL,81452,200802,0.17,0.1614,249,277
AAPL,86702,200802,0.17,0.1529,631,277
AAPL,89265,200802,0.17,0.1671,63,277
AAPL,89770,200802,0.17,0.1414,558,277
AAPL,91167,200802,0.17,0.1543,334,277
AAPL,104889,200802,0.17,0.1543,867,277
AAPL,106330,200802,0.17,0.1543,710,277
AAPL,107105,200802,0.17,0.1514,412,277
AAPL,108873,200802,0.17,0.1486,158,277
AAPL,113333,200802,0.17,0.1529,572,277
AAPL,114544,200802,0.17,0.1514,470,277
AAPL,125796,200802,0.17,0.1671,316,277
AAPL,1047,200803,0.18,0.15,729,277
AAPL,44121,200803,0.18,0.1629,686,277
AAPL,47225,200803,0.18,0.1686,577,277
AAPL,49595,200803,0.18,0.16,740,277
AAPL,53315,200803,0.18,0.1571,539,277
AAPL,56181,200803,0.18,0.1671,555,277
AAPL,56419,200803,0.18,0.1586,411,277
AAPL,58063,200803,0.18,0.1671,1554,277
AAPL,58377,200803,0.18,0.1629,389,277
AAPL,59325,200803,0.18,0.1671,1361,277
AAPL,70648,200803,0.18,0.1571,219,277
AAPL,70706,200803,0.18,0.1614,1023,277
AAPL,70850,200803,0.18,0.17,396,277
AAPL,71466,200803,0.18,0.1471,499,277
AAPL,72069,200803,0.18,0.1643,1077,277
AAPL,72446,200803,0.18,0.16,624,277
AAPL,76101,200803,0.18,0.1614,516,277
AAPL,81452,200803,0.18,0.1643,249,277
AAPL,86702,200803,0.18,0.15,631,277
AAPL,89265,200803,0.18,0.1743,63,277
AAPL,89549,200803,0.18,0.1571,328,277
AAPL,89770,200803,0.18,0.1629,558,277
AAPL,91167,200803,0.18,0.16,334,277
AAPL,104889,200803,0.18,0.1357,867,277
AAPL,106330,200803,0.18,0.1514,710,277
AAPL,107105,200803,0.18,0.15,412,277
AAPL,108873,200803,0.18,0.1557,158,277
AAPL,112568,200803,0.18,0.1529,107,277
AAPL,113333,200803,0.18,0.17,572,277
AAPL,114544,200803,0.18,0.1586,470,277
AAPL,125796,200803,0.18,0.1657,316,277
AAPL,1047,200804,0.2543,0.1871,729,277
AAPL,21096,200804,0.2543,0.1786,1149,277
AAPL,44121,200804,0.2543,0.2114,686,277
AAPL,47225,200804,0.2543,0.2029,577,277
AAPL,49595,200804,0.2543,0.1871,740,277
AAPL,53315,200804,0.2543,0.2143,539,277
AAPL,56181,200804,0.2543,0.1943,555,277
AAPL,56419,200804,0.2543,0.2057,411,277
AAPL,58063,200804,0.2543,0.2071,1554,277
AAPL,58377,200804,0.2543,0.21,389,277
AAPL,59325,200804,0.2543,0.1886,1361,277
AAPL,70648,200804,0.2543,0.1929,219,277
AAPL,70706,200804,0.2543,0.1871,1023,277
AAPL,70850,200804,0.2543,0.27,396,277
AAPL,71466,200804,0.2543,0.1929,499,277
AAPL,72029,200804,0.2543,0.1914,489,277
AAPL,72069,200804,0.2543,0.2071,1077,277
AAPL,72446,200804,0.2543,0.1943,624,277
AAPL,75222,200804,0.2543,0.2143,273,277
AAPL,76101,200804,0.2543,0.1957,516,277
AAPL,81452,200804,0.2543,0.2114,249,277
AAPL,86702,200804,0.2543,0.1914,631,277
AAPL,89549,200804,0.2543,0.19,328,277
AAPL,89770,200804,0.2543,0.1743,558,277
AAPL,91167,200804,0.2543,0.2057,334,277
AAPL,104889,200804,0.2543,0.1671,867,277
AAPL,106330,200804,0.2543,0.1957,710,277
AAPL,107105,200804,0.2543,0.2057,412,277
AAPL,108873,200804,0.2543,0.1929,158,277
AAPL,112568,200804,0.2543,0.2171,107,277
AAPL,113333,200804,0.2543,0.2157,572,277
AAPL,114544,200804,0.2543,0.1986,470,277
AAPL,125796,200804,0.2543,0.2043,316,277
AAPL,1047,200901,0.19,0.15,729,277
AAPL,21096,200901,0.19,0.1557,1149,277
AAPL,44121,200901,0.19,0.1614,686,277
AAPL,47225,200901,0.19,0.1757,577,277
AAPL,47677,200901,0.19,0.1471,470,277
AAPL,49595,200901,0.19,0.1429,740,277
AAPL,53315,200901,0.19,0.1614,539,277
AAPL,56181,200901,0.19,0.1571,555,277
AAPL,56419,200901,0.19,0.1514,411,277
AAPL,58063,200901,0.19,0.1671,1554,277
AAPL,58377,200901,0.19,0.1686,389,277
AAPL,59325,200901,0.19,0.14,1361,277
AAPL,70648,200901,0.19,0.1529,219,277
AAPL,70706,200901,0.19,0.15,1023,277
AAPL,70850,200901,0.19,0.1614,396,277
AAPL,71466,200901,0.19,0.1486,499,277
AAPL,72029,200901,0.19,0.1457,489,277
AAPL,72069,200901,0.19,0.1557,1077,277
AAPL,72446,200901,0.19,0.1557,624,277
AAPL,75007,200901,0.19,0.1643,395,277
AAPL,75222,200901,0.19,0.1714,273,277
AAPL,76101,200901,0.19,0.1543,516,277
AAPL,81452,200901,0.19,0.1571,249,277
AAPL,86702,200901,0.19,0.1557,631,277
AAPL,89549,200901,0.19,0.1443,328,277
AAPL,89770,200901,0.19,0.1443,558,277
AAPL,91167,200901,0.19,0.17,334,277
AAPL,104889,200901,0.19,0.1671,867,277
AAPL,106330,200901,0.19,0.1443,710,277
AAPL,107105,200901,0.19,0.1543,412,277
AAPL,112568,200901,0.19,0.1543,107,277
AAPL,113333,200901,0.19,0.1714,572,277
AAPL,114544,200901,0.19,0.1457,470,277
AAPL,125796,200901,0.19,0.1557,316,277
AAPL,1047,200902,0.1929,0.1457,729,277
AAPL,21096,200902,0.1929,0.1729,1149,277
AAPL,44121,200902,0.1929,0.1614,686,277
AAPL,47225,200902,0.1929,0.1614,577,277
AAPL,47677,200902,0.1929,0.1714,470,277
AAPL,49595,200902,0.1929,0.1586,740,277
AAPL,53315,200902,0.1929,0.1571,539,277
AAPL,56181,200902,0.1929,0.1714,555,277
AAPL,56419,200902,0.1929,0.1714,411,277
AAPL,58377,200902,0.1929,0.1771,389,277
AAPL,59325,200902,0.1929,0.1457,1361,277
AAPL,70648,200902,0.1929,0.1671,219,277
AAPL,70706,200902,0.1929,0.1671,1023,277
AAPL,70850,200902,0.1929,0.1729,396,277
AAPL,71466,200902,0.1929,0.1671,499,277
AAPL,72029,200902,0.1929,0.18,489,277
AAPL,72069,200902,0.1929,0.1714,1077,277
AAPL,72446,200902,0.1929,0.1614,624,277
AAPL,75007,200902,0.1929,0.1729,395,277
AAPL,75222,200902,0.1929,0.1871,273,277
AAPL,76101,200902,0.1929,0.1529,516,277
AAPL,81452,200902,0.1929,0.1614,249,277
AAPL,86702,200902,0.1929,0.1657,631,277
AAPL,89549,200902,0.1929,0.1714,328,277
AAPL,91167,200902,0.1929,0.1757,334,277
AAPL,104889,200902,0.1929,0.1871,867,277
AAPL,106330,200902,0.1929,0.1757,710,277
AAPL,107105,200902,0.1929,0.1657,412,277
AAPL,112568,200902,0.1929,0.16,107,277
AAPL,113333,200902,0.1929,0.17,572,277
AAPL,114544,200902,0.1929,0.1686,470,277
AAPL,125796,200902,0.1929,0.1757,316,277
AAPL,129986,200902,0.1929,0.1629,75,277
AAPL,1047,200903,0.26,0.1914,729,277
AAPL,21096,200903,0.26,0.2086,1149,277
AAPL,44121,200903,0.26,0.21,686,277
AAPL,47225,200903,0.26,0.2057,577,277
AAPL,47677,200903,0.26,0.2057,470,277
AAPL,49595,200903,0.26,0.1829,740,277
AAPL,53315,200903,0.26,0.2,539,277
AAPL,56181,200903,0.26,0.2057,555,277
AAPL,56419,200903,0.26,0.2071,411,277
AAPL,58377,200903,0.26,0.21,389,277
AAPL,59325,200903,0.26,0.1957,1361,277
AAPL,70648,200903,0.26,0.2,219,277
AAPL,70706,200903,0.26,0.1843,1023,277
AAPL,70850,200903,0.26,0.2014,396,277
AAPL,71466,200903,0.26,0.19,499,277
AAPL,72029,200903,0.26,0.2029,489,277
AAPL,72069,200903,0.26,0.2186,1077,277
AAPL,72446,200903,0.26,0.2029,624,277
AAPL,75007,200903,0.26,0.2057,395,277
AAPL,75222,200903,0.26,0.2371,273,277
AAPL,76101,200903,0.26,0.1929,516,277
AAPL,81452,200903,0.26,0.2086,249,277
AAPL,86702,200903,0.26,0.1971,631,277
AAPL,89549,200903,0.26,0.1771,328,277
AAPL,91167,200903,0.26,0.2143,334,277
AAPL,104889,200903,0.26,0.1971,867,277
AAPL,106330,200903,0.26,0.2071,710,277
AAPL,107105,200903,0.26,0.1957,412,277
AAPL,110711,200903,0.26,0.1929,732,277
AAPL,112568,200903,0.26,0.1886,107,277
AAPL,113333,200903,0.26,0.2129,572,277
AAPL,114544,200903,0.26,0.2143,470,277
AAPL,125796,200903,0.26,0.2071,316,277
AAPL,129986,200903,0.26,0.2143,75,277
AAPL,1047,200904,0.5243,0.2529,729,277
AAPL,44121,200904,0.5243,0.3243,686,277
AAPL,47225,200904,0.5243,0.3114,577,277
AAPL,47677,200904,0.5243,0.2914,470,277
AAPL,49595,200904,0.5243,0.2914,740,277
AAPL,53315,200904,0.5243,0.3,539,277
AAPL,56181,200904,0.5243,0.2971,555,277
AAPL,56419,200904,0.5243,0.3029,411,277
AAPL,58377,200904,0.5243,0.32,389,277
AAPL,59325,200904,0.5243,0.2857,1361,277
AAPL,70648,200904,0.5243,0.2943,219,277
AAPL,70687,200904,0.5243,0.2486,586,277
AAPL,70706,200904,0.5243,0.2929,1023,277
AAPL,70745,200904,0.5243,0.3171,461,277
AAPL,70850,200904,0.5243,0.3071,396,277
AAPL,71466,200904,0.5243,0.2771,499,277
AAPL,72029,200904,0.5243,0.29,489,277
AAPL,72069,200904,0.5243,0.3129,1077,277
AAPL,72446,200904,0.5243,0.2943,624,277
AAPL,75007,200904,0.5243,0.3043,395,277
AAPL,75222,200904,0.5243,0.3243,273,277
AAPL,76101,200904,0.5243,0.2986,516,277
AAPL,81452,200904,0.5243,0.3057,249,277
AAPL,86702,200904,0.5243,0.2857,631,277
AAPL,89549,200904,0.5243,0.29,328,277
AAPL,91167,200904,0.5243,0.3043,334,277
AAPL,104889,200904,0.5243,0.3329,867,277
AAPL,106330,200904,0.5243,0.2957,710,277
AAPL,107105,200904,0.5243,0.2971,412,277
AAPL,110711,200904,0.5243,0.2814,732,277
AAPL,113333,200904,0.5243,0.3071,572,277
AAPL,114544,200904,0.5243,0.31,470,277
AAPL,125796,200904,0.5243,0.3171,316,277
AAPL,129986,200904,0.5243,0.2986,75,277
AAPL,134165,200904,0.5243,0.2943,304,277
AAPL,1047,201001,0.4757,0.3614,729,277
AAPL,21096,201001,0.4757,0.3314,1149,277
AAPL,44121,201001,0.4757,0.3643,686,277
AAPL,47225,201001,0.4757,0.3414,577,277
AAPL,47677,201001,0.4757,0.3686,470,277
AAPL,49595,201001,0.4757,0.3543,740,277
AAPL,53315,201001,0.4757,0.3571,539,277
AAPL,56181,201001,0.4757,0.3814,555,277
AAPL,56419,201001,0.4757,0.3657,411,277
AAPL,58377,201001,0.4757,0.37,389,277
AAPL,59325,201001,0.4757,0.35,1361,277
AAPL,70648,201001,0.4757,0.3457,219,277
AAPL,70687,201001,0.4757,0.3143,586,277
AAPL,70706,201001,0.4757,0.3214,1023,277
AAPL,70745,201001,0.4757,0.3486,461,277
AAPL,70850,201001,0.4757,0.3571,396,277
AAPL,71466,201001,0.4757,0.34,499,277
AAPL,72029,201001,0.4757,0.3457,489,277
AAPL,72069,201001,0.4757,0.3371,1077,277
AAPL,72446,201001,0.4757,0.3671,624,277
AAPL,75007,201001,0.4757,0.3857,395,277
AAPL,75222,201001,0.4757,0.3443,273,277
AAPL,76101,201001,0.4757,0.34,516,277
AAPL,81452,201001,0.4757,0.3614,249,277
AAPL,86702,201001,0.4757,0.3429,631,277
AAPL,89549,201001,0.4757,0.3214,328,277
AAPL,91167,201001,0.4757,0.3314,334,277
AAPL,104889,201001,0.4757,0.2757,867,277
AAPL,106330,201001,0.4757,0.3614,710,277
AAPL,107105,201001,0.4757,0.35,412,277
AAPL,110711,201001,0.4757,0.33,732,277
AAPL,112568,201001,0.4757,0.33,107,277
AAPL,113333,201001,0.4757,0.3429,572,277
AAPL,114544,201001,0.4757,0.3629,470,277
AAPL,125796,201001,0.4757,0.3886,316,277
AAPL,129986,201001,0.4757,0.3629,75,277
AAPL,134165,201001,0.4757,0.3257,304,277
AAPL,1047,201002,0.5014,0.3957,729,277
AAPL,21096,201002,0.5014,0.4243,1149,277
AAPL,40319,201002,0.5014,0.4229,446,277
AAPL,43767,201002,0.5014,0.4614,26,277
AAPL,44121,201002,0.5014,0.4886,686,277
AAPL,47225,201002,0.5014,0.4571,577,277
AAPL,47677,201002,0.5014,0.4814,470,277
AAPL,49595,201002,0.5014,0.4143,740,277
AAPL,53315,201002,0.5014,0.4571,539,277
AAPL,56181,201002,0.5014,0.4414,555,277
AAPL,56419,201002,0.5014,0.43,411,277
AAPL,58377,201002,0.5014,0.4371,389,277
AAPL,59325,201002,0.5014,0.4271,1361,277
AAPL,70648,201002,0.5014,0.3871,219,277
AAPL,70706,201002,0.5014,0.4414,1023,277
AAPL,70745,201002,0.5014,0.49,461,277
AAPL,70850,201002,0.5014,0.4429,396,277
AAPL,71466,201002,0.5014,0.4514,499,277
AAPL,72029,201002,0.5014,0.4014,489,277
AAPL,72069,201002,0.5014,0.4214,1077,277
AAPL,72446,201002,0.5014,0.4,624,277
AAPL,75007,201002,0.5014,0.45,395,277
AAPL,75222,201002,0.5014,0.4629,273,277
AAPL,76101,201002,0.5014,0.4643,516,277
AAPL,81452,201002,0.5014,0.4571,249,277
AAPL,86702,201002,0.5014,0.4143,631,277
AAPL,89549,201002,0.5014,0.3786,328,277
AAPL,91167,201002,0.5014,0.45,334,277
AAPL,104889,201002,0.5014,0.4957,867,277
AAPL,106330,201002,0.5014,0.4443,710,277
AAPL,107105,201002,0.5014,0.44,412,277
AAPL,107682,201002,0.5014,0.4571,508,277
AAPL,110711,201002,0.5014,0.4414,732,277
AAPL,113333,201002,0.5014,0.4314,572,277
AAPL,114544,201002,0.5014,0.4743,470,277
AAPL,120428,201002,0.5014,0.4243,426,277
AAPL,125796,201002,0.5014,0.4686,316,277
AAPL,129986,201002,0.5014,0.45,75,277
AAPL,134165,201002,0.5014,0.4543,304,277
AAPL,1047,201003,0.6629,0.4914,729,277
AAPL,21096,201003,0.6629,0.5814,1149,277
AAPL,40319,201003,0.6629,0.5514,446,277
AAPL,43767,201003,0.6629,0.5971,26,277
AAPL,44121,201003,0.6629,0.5871,686,277
AAPL,47225,201003,0.6629,0.5614,577,277
AAPL,47677,201003,0.6629,0.5829,470,277
AAPL,49595,201003,0.6629,0.5786,740,277
AAPL,53315,201003,0.6629,0.5857,539,277
AAPL,56181,201003,0.6629,0.6086,555,277
AAPL,56419,201003,0.6629,0.5714,411,277
AAPL,58377,201003,0.6629,0.6043,389,277
AAPL,58499,201003,0.6629,0.6,779,277
AAPL,59325,201003,0.6629,0.5529,1361,277
AAPL,70706,201003,0.6629,0.56,1023,277
AAPL,70745,201003,0.6629,0.58,461,277
AAPL,70850,201003,0.6629,0.5886,396,277
AAPL,71466,201003,0.6629,0.5457,499,277
AAPL,72029,201003,0.6629,0.6214,489,277
AAPL,72069,201003,0.6629,0.5757,1077,277
AAPL,75007,201003,0.6629,0.6229,395,277
AAPL,75222,201003,0.6629,0.5786,273,277
AAPL,78750,201003,0.6629,0.5757,854,277
AAPL,81452,201003,0.6629,0.64,249,277
AAPL,86702,201003,0.6629,0.5814,631,277
AAPL,89549,201003,0.6629,0.5857,328,277
AAPL,91167,201003,0.6629,0.5943,334,277
AAPL,104889,201003,0.6629,0.6043,867,277
AAPL,106330,201003,0.6629,0.6,710,277
AAPL,107105,201003,0.6629,0.5929,412,277
AAPL,107682,201003,0.6629,0.5843,508,277
AAPL,107846,201003,0.6629,0.5743,900,277
AAPL,110711,201003,0.6629,0.5757,732,277
AAPL,112568,201003,0.6629,0.49,107,277
AAPL,113333,201003,0.6629,0.6243,572,277
AAPL,114544,201003,0.6629,0.63,470,277
AAPL,120428,201003,0.6629,0.5857,426,277
AAPL,125796,201003,0.6629,0.6186,316,277
AAPL,129986,201003,0.6629,0.5814,75,277
AAPL,134165,201003,0.6629,0.6114,304,277
AAPL,1047,201004,0.9186,0.7043,729,277
AAPL,21096,201004,0.9186,0.7429,1149,277
AAPL,43767,201004,0.9186,0.7643,26,277
AAPL,44121,201004,0.9186,0.7914,686,277
AAPL,47225,201004,0.9186,0.8214,577,277
AAPL,47677,201004,0.9186,0.7971,470,277
AAPL,49595,201004,0.9186,0.7614,740,277
AAPL,51096,201004,0.9186,0.7571,1055,277
AAPL,53315,201004,0.9186,0.8,539,277
AAPL,56181,201004,0.9186,0.81,555,277
AAPL,56419,201004,0.9186,0.7714,411,277
AAPL,58307,201004,0.9186,0.7671,712,277
AAPL,58377,201004,0.9186,0.7943,389,277
AAPL,58499,201004,0.9186,0.7429,779,277
AAPL,59325,201004,0.9186,0.7257,1361,277
AAPL,70687,201004,0.9186,0.7143,586,277
AAPL,70706,201004,0.9186,0.75,1023,277
AAPL,70721,201004,0.9186,0.7486,97,277
AAPL,70745,201004,0.9186,0.7386,461,277
AAPL,70850,201004,0.9186,0.7657,396,277
AAPL,71466,201004,0.9186,0.7943,499,277
AAPL,72029,201004,0.9186,0.7729,489,277
AAPL,72069,201004,0.9186,0.86,1077,277
AAPL,72446,201004,0.9186,0.7729,624,277
AAPL,75007,201004,0.9186,0.8257,395,277
AAPL,75222,201004,0.9186,0.7886,273,277
AAPL,78750,201004,0.9186,0.7643,854,277
AAPL,81452,201004,0.9186,0.8143,249,277
AAPL,86702,201004,0.9186,0.75,631,277
AAPL,89549,201004,0.9186,0.7086,328,277
AAPL,91167,201004,0.9186,0.77,334,277
AAPL,104889,201004,0.9186,0.76,867,277
AAPL,106330,201004,0.9186,0.7686,710,277
AAPL,107105,201004,0.9186,0.7529,412,277
AAPL,107682,201004,0.9186,0.8071,508,277
AAPL,107846,201004,0.9186,0.7586,900,277
AAPL,110711,201004,0.9186,0.7529,732,277
AAPL,112568,201004,0.9186,0.7171,107,277
AAPL,113333,201004,0.9186,0.8071,572,277
AAPL,114544,201004,0.9186,0.8029,470,277
AAPL,120428,201004,0.9186,0.8214,426,277
AAPL,125796,201004,0.9186,0.79,316,277
AAPL,127008,201004,0.9186,0.7714,125,277
AAPL,129986,201004,0.9186,0.7614,75,277
AAPL,134165,201004,0.9186,0.7871,304,277
AAPL,1047,201101,0.9143,0.73,729,277
AAPL,19412,201101,0.9143,0.7657,16,277
AAPL,21096,201101,0.9143,0.7286,1149,277
AAPL,40319,201101,0.9143,0.7857,446,277
AAPL,43767,201101,0.9143,0.7614,26,277
AAPL,44121,201101,0.9143,0.8229,686,277
AAPL,47225,201101,0.9143,0.7357,577,277
AAPL,47677,201101,0.9143,0.81,470,277
AAPL,49595,201101,0.9143,0.7286,740,277
AAPL,51096,201101,0.9143,0.7686,1055,277
AAPL,53315,201101,0.9143,0.7471,539,277
AAPL,56181,201101,0.9143,0.78,555,277
AAPL,56419,201101,0.9143,0.7771,411,277
AAPL,58307,201101,0.9143,0.7214,712,277
AAPL,58377,201101,0.9143,0.8414,389,277
AAPL,58499,201101,0.9143,0.7286,779,277
AAPL,59325,201101,0.9143,0.73,1361,277
AAPL,70687,201101,0.9143,0.75,586,277
AAPL,70706,201101,0.9143,0.7514,1023,277
AAPL,70721,201101,0.9143,0.76,97,277
AAPL,70850,201101,0.9143,0.7143,396,277
AAPL,71466,201101,0.9143,0.7071,499,277
AAPL,72029,201101,0.9143,0.7771,489,277
AAPL,72069,201101,0.9143,0.8171,1077,277
AAPL,72446,201101,0.9143,0.7671,624,277
AAPL,75007,201101,0.9143,0.8229,395,277
AAPL,75222,201101,0.9143,0.7929,273,277
AAPL,76979,201101,0.9143,0.8214,352,277
AAPL,78750,201101,0.9143,0.7329,854,277
AAPL,81452,201101,0.9143,0.8214,249,277
AAPL,86702,201101,0.9143,0.7629,631,277
AAPL,89549,201101,0.9143,0.7371,328,277
AAPL,91167,201101,0.9143,0.7129,334,277
AAPL,92348,201101,0.9143,0.8543,900,277
AAPL,104889,201101,0.9143,0.7743,867,277
AAPL,106330,201101,0.9143,0.77,710,277
AAPL,107105,201101,0.9143,0.7386,412,277
AAPL,107682,201101,0.9143,0.8143,508,277
AAPL,107846,201101,0.9143,0.7586,900,277
AAPL,110711,201101,0.9143,0.7186,732,277
AAPL,112568,201101,0.9143,0.7329,107,277
AAPL,113333,201101,0.9143,0.8014,572,277
AAPL,114544,201101,0.9143,0.74,470,277
AAPL,120428,201101,0.9143,0.7571,426,277
AAPL,125796,201101,0.9143,0.8314,316,277
AAPL,127008,201101,0.9143,0.6929,125,277
AAPL,129986,201101,0.9143,0.7929,75,277
AAPL,1047,201102,1.1129,0.8514,729,277
AAPL,19412,201102,1.1129,0.8214,16,277
AAPL,21096,201102,1.1129,0.7671,1149,277
AAPL,40319,201102,1.1129,0.7814,446,277
AAPL,43767,201102,1.1129,0.8043,26,277
AAPL,44121,201102,1.1129,0.8929,686,277
AAPL,47225,201102,1.1129,0.9057,577,277
AAPL,47677,201102,1.1129,0.8486,470,277
AAPL,49595,201102,1.1129,0.7771,740,277
AAPL,51096,201102,1.1129,0.7971,1055,277
AAPL,53315,201102,1.1129,0.8571,539,277
AAPL,56181,201102,1.1129,0.8471,555,277
AAPL,56419,201102,1.1129,0.84,411,277
AAPL,58063,201102,1.1129,0.8743,1554,277
AAPL,58307,201102,1.1129,0.8271,712,277
AAPL,58377,201102,1.1129,0.8514,389,277
AAPL,58499,201102,1.1129,0.7929,779,277
AAPL,59325,201102,1.1129,0.7871,1361,277
AAPL,70687,201102,1.1129,0.8143,586,277
AAPL,70706,201102,1.1129,0.8314,1023,277
AAPL,70721,201102,1.1129,0.8129,97,277
AAPL,70850,201102,1.1129,0.85,396,277
AAPL,71466,201102,1.1129,0.7586,499,277
AAPL,72029,201102,1.1129,0.85,489,277
AAPL,72069,201102,1.1129,0.8514,1077,277
AAPL,72446,201102,1.1129,0.8243,624,277
AAPL,75007,201102,1.1129,0.85,395,277
AAPL,75222,201102,1.1129,0.8157,273,277
AAPL,76979,201102,1.1129,0.8929,352,277
AAPL,78750,201102,1.1129,0.8686,854,277
AAPL,81452,201102,1.1129,0.9286,249,277
AAPL,86702,201102,1.1129,0.7814,631,277
AAPL,89549,201102,1.1129,0.83,328,277
AAPL,92348,201102,1.1129,0.8986,900,277
AAPL,106330,201102,1.1129,0.94,710,277
AAPL,107682,201102,1.1129,0.9,508,277
AAPL,107846,201102,1.1129,0.8186,900,277
AAPL,110711,201102,1.1129,0.8171,732,277
AAPL,113333,201102,1.1129,0.8671,572,277
AAPL,114544,201102,1.1129,0.85,470,277
AAPL,120428,201102,1.1129,0.81,426,277
AAPL,125796,201102,1.1129,0.86,316,277
AAPL,127008,201102,1.1129,0.9171,125,277
AAPL,129986,201102,1.1129,0.8157,75,277
AAPL,134165,201102,1.1129,0.8886,304,277
AAPL,1047,201103,1.0071,1.0529,729,277
AAPL,19412,201103,1.0071,1.0886,16,277
AAPL,21096,201103,1.0071,1.0043,1149,277
AAPL,40319,201103,1.0071,0.8714,446,277
AAPL,44121,201103,1.0071,1.1,686,277
AAPL,47225,201103,1.0071,1.22,577,277
AAPL,47677,201103,1.0071,1.1029,470,277
AAPL,49595,201103,1.0071,1.0143,740,277
AAPL,51096,201103,1.0071,1.0329,1055,277
AAPL,53315,201103,1.0071,1.0857,539,277
AAPL,56181,201103,1.0071,1.0586,555,277
AAPL,56419,201103,1.0071,1.0829,411,277
AAPL,58063,201103,1.0071,1.1457,1554,277
AAPL,58307,201103,1.0071,1.03,712,277
AAPL,58377,201103,1.0071,1.1086,389,277
AAPL,58499,201103,1.0071,1.0714,779,277
AAPL,59325,201103,1.0071,1.0129,1361,277
AAPL,70687,201103,1.0071,0.9757,586,277
AAPL,70706,201103,1.0071,1.0514,1023,277
AAPL,70721,201103,1.0071,0.9571,97,277
AAPL,70850,201103,1.0071,1.0671,396,277
AAPL,71466,201103,1.0071,1.0086,499,277
AAPL,72029,201103,1.0071,1.0157,489,277
AAPL,72069,201103,1.0071,1.0429,1077,277
AAPL,72446,201103,1.0071,1.0429,624,277
AAPL,75007,201103,1.0071,1.1186,395,277
AAPL,75222,201103,1.0071,1.0943,273,277
AAPL,76979,201103,1.0071,1.1186,352,277
AAPL,78750,201103,1.0071,1.1243,854,277
AAPL,81452,201103,1.0071,1.0957,249,277
AAPL,86702,201103,1.0071,0.9,631,277
AAPL,89549,201103,1.0071,0.92,328,277
AAPL,90646,201103,1.0071,1.1571,1046,277
AAPL,92348,201103,1.0071,1.17,900,277
AAPL,106330,201103,1.0071,0.9871,710,277
AAPL,107682,201103,1.0071,0.9557,508,277
AAPL,107846,201103,1.0071,1.0214,900,277
AAPL,110711,201103,1.0071,0.9729,732,277
AAPL,113333,201103,1.0071,1.0657,572,277
AAPL,120428,201103,1.0071,0.9714,426,277
AAPL,125796,201103,1.0071,1.0986,316,277
AAPL,127008,201103,1.0071,1.0686,125,277
AAPL,129986,201103,1.0071,1.1429,75,277
AAPL,134165,201103,1.0071,1.0357,304,277
AAPL,143656,201103,1.0071,1.0814,188,277
AAPL,144094,201103,1.0071,1.1343,259,277
AAPL,1047,201104,1.9814,1.55,729,277
AAPL,19412,201104,1.9814,1.5729,16,277
AAPL,21096,201104,1.9814,1.3129,1149,277
AAPL,40319,201104,1.9814,1.4286,446,277
AAPL,43767,201104,1.9814,1.5286,26,277
AAPL,44121,201104,1.9814,1.5314,686,277
AAPL,47225,201104,1.9814,1.4129,577,277
AAPL,47677,201104,1.9814,1.5071,470,277
AAPL,49595,201104,1.9814,1.38,740,277
AAPL,51096,201104,1.9814,1.5343,1055,277
AAPL,53315,201104,1.9814,1.4286,539,277
AAPL,56181,201104,1.9814,1.4957,555,277
AAPL,56419,201104,1.9814,1.4143,411,277
AAPL,58063,201104,1.9814,1.4129,1554,277
AAPL,58307,201104,1.9814,1.4171,712,277
AAPL,58377,201104,1.9814,1.51,389,277
AAPL,58499,201104,1.9814,1.3786,779,277
AAPL,59325,201104,1.9814,1.5,1361,277
AAPL,70687,201104,1.9814,1.4286,586,277
AAPL,70706,201104,1.9814,1.4029,1023,277
AAPL,70721,201104,1.9814,1.3829,97,277
AAPL,70745,201104,1.9814,1.4086,461,277
AAPL,70850,201104,1.9814,1.4771,396,277
AAPL,71466,201104,1.9814,1.3586,499,277
AAPL,72029,201104,1.9814,1.5714,489,277
AAPL,72069,201104,1.9814,1.4429,1077,277
AAPL,72446,201104,1.9814,1.42,624,277
AAPL,75007,201104,1.9814,1.4657,395,277
AAPL,75222,201104,1.9814,1.5357,273,277
AAPL,76979,201104,1.9814,1.57,352,277
AAPL,78750,201104,1.9814,1.45,854,277
AAPL,81452,201104,1.9814,1.5714,249,277
AAPL,86702,201104,1.9814,1.3829,631,277
AAPL,90646,201104,1.9814,1.3743,1046,277
AAPL,92348,201104,1.9814,1.5471,900,277
AAPL,107682,201104,1.9814,1.5714,508,277
AAPL,107846,201104,1.9814,1.4243,900,277
AAPL,110711,201104,1.9814,1.3286,732,277
AAPL,113333,201104,1.9814,1.4171,572,277
AAPL,125796,201104,1.9814,1.6086,316,277
AAPL,127008,201104,1.9814,1.2686,125,277
AAPL,129986,201104,1.9814,1.4529,75,277
AAPL,132104,201104,1.9814,1.4557,123,277
AAPL,134165,201104,1.9814,1.6357,304,277
AAPL,143656,201104,1.9814,1.4543,188,277
AAPL,144094,201104,1.9814,1.3614,259,277
AAPL,1047,201201,1.7571,1.2086,729,277
AAPL,19412,201201,1.7571,1.3729,16,277
AAPL,40319,201201,1.7571,1.5357,446,277
AAPL,43767,201201,1.7571,1.35,26,277
AAPL,44121,201201,1.7571,1.5686,686,277
AAPL,47225,201201,1.7571,1.5629,577,277
AAPL,47677,201201,1.7571,1.4857,470,277
AAPL,49595,201201,1.7571,1.3814,740,277
AAPL,51096,201201,1.7571,1.4371,1055,277
AAPL,53315,201201,1.7571,1.2857,539,277
AAPL,56181,201201,1.7571,1.4257,555,277
AAPL,56419,201201,1.7571,1.5643,411,277
AAPL,58063,201201,1.7571,1.3843,1554,277
AAPL,58307,201201,1.7571,1.3343,712,277
AAPL,58377,201201,1.7571,1.4914,389,277
AAPL,58499,201201,1.7571,1.2443,779,277
AAPL,59325,201201,1.7571,1.4743,1361,277
AAPL,70687,201201,1.7571,1.4286,586,277
AAPL,70706,201201,1.7571,1.4157,1023,277
AAPL,70721,201201,1.7571,1.3757,97,277
AAPL,70745,201201,1.7571,1.2957,461,277
AAPL,70850,201201,1.7571,1.4571,396,277
AAPL,71466,201201,1.7571,1.3543,499,277
AAPL,72029,201201,1.7571,1.5343,489,277
AAPL,72069,201201,1.7571,1.5157,1077,277
AAPL,72446,201201,1.7571,1.4543,624,277
AAPL,75007,201201,1.7571,1.5357,395,277
AAPL,75222,201201,1.7571,1.3157,273,277
AAPL,76979,201201,1.7571,1.5414,352,277
AAPL,78750,201201,1.7571,1.3,854,277
AAPL,81452,201201,1.7571,1.4557,249,277
AAPL,86702,201201,1.7571,1.3757,631,277
AAPL,90646,201201,1.7571,1.4171,1046,277
AAPL,92348,201201,1.7571,1.5143,900,277
AAPL,106330,201201,1.7571,1.5429,710,277
AAPL,107682,201201,1.7571,1.5786,508,277
AAPL,107846,201201,1.7571,1.5,900,277
AAPL,110208,201201,1.7571,1.4271,1035,277
AAPL,113333,201201,1.7571,1.6857,572,277
AAPL,120428,201201,1.7571,1.4043,426,277
AAPL,120641,201201,1.7571,1.3786,638,277
AAPL,125796,201201,1.7571,1.53,316,277
AAPL,127008,201201,1.7571,1.4457,125,277
AAPL,129986,201201,1.7571,1.1843,75,277
AAPL,132104,201201,1.7571,1.3586,123,277
AAPL,134165,201201,1.7571,1.4686,304,277
AAPL,143656,201201,1.7571,1.36,188,277
AAPL,144094,201201,1.7571,1.3414,259,277
AAPL,1047,201202,1.3314,1.4829,729,277
AAPL,8065,201202,1.3314,1.4271,1278,277
AAPL,19412,201202,1.3314,1.4114,16,277
AAPL,40319,201202,1.3314,1.3571,446,277
AAPL,43767,201202,1.3314,1.6643,26,277
AAPL,44121,201202,1.3314,1.4571,686,277
AAPL,47225,201202,1.3314,1.4014,577,277
AAPL,47677,201202,1.3314,1.7871,470,277
AAPL,49595,201202,1.3314,1.3743,740,277
AAPL,51096,201202,1.3314,1.4557,1055,277
AAPL,53315,201202,1.3314,1.45,539,277
AAPL,56181,201202,1.3314,1.4286,555,277
AAPL,56419,201202,1.3314,1.5486,411,277
AAPL,58063,201202,1.3314,1.4357,1554,277
AAPL,58307,201202,1.3314,1.3714,712,277
AAPL,58377,201202,1.3314,1.4629,389,277
AAPL,58499,201202,1.3314,1.5371,779,277
AAPL,59325,201202,1.3314,1.4557,1361,277
AAPL,70687,201202,1.3314,1.3843,586,277
AAPL,70706,201202,1.3314,1.5014,1023,277
AAPL,70721,201202,1.3314,1.4714,97,277
AAPL,70850,201202,1.3314,1.4929,396,277
AAPL,71466,201202,1.3314,1.3929,499,277
AAPL,72029,201202,1.3314,1.5129,489,277
AAPL,72069,201202,1.3314,1.4386,1077,277
AAPL,72446,201202,1.3314,1.4257,624,277
AAPL,75007,201202,1.3314,1.5471,395,277
AAPL,75222,201202,1.3314,1.4186,273,277
AAPL,76979,201202,1.3314,1.45,352,277
AAPL,78750,201202,1.3314,1.5471,854,277
AAPL,86702,201202,1.3314,1.35,631,277
AAPL,90646,201202,1.3314,1.4814,1046,277
AAPL,92348,201202,1.3314,1.61,900,277
AAPL,106330,201202,1.3314,1.4571,710,277
AAPL,107682,201202,1.3314,1.4929,508,277
AAPL,107846,201202,1.3314,1.4214,900,277
AAPL,110208,201202,1.3314,1.55,1035,277
AAPL,113333,201202,1.3314,1.3971,572,277
AAPL,120428,201202,1.3314,1.43,426,277
AAPL,120641,201202,1.3314,1.3743,638,277
AAPL,125796,201202,1.3314,1.5957,316,277
AAPL,127008,201202,1.3314,1.5071,125,277
AAPL,132104,201202,1.3314,1.4329,123,277
AAPL,134165,201202,1.3314,1.5286,304,277
AAPL,143656,201202,1.3314,1.4543,188,277
AAPL,144094,201202,1.3314,1.4343,259,277
AAPL,155522,201202,1.3314,1.59,36,277
AAPL,1047,201203,1.2386,1.1843,729,277
AAPL,8065,201203,1.2386,1.2786,1278,277
AAPL,40319,201203,1.2386,1.25,446,277
AAPL,42413,201203,1.2386,1.2757,133,277
AAPL,44121,201203,1.2386,1.3571,686,277
AAPL,47677,201203,1.2386,1.2057,470,277
AAPL,49595,201203,1.2386,1.1871,740,277
AAPL,51096,201203,1.2386,1.2871,1055,277
AAPL,53315,201203,1.2386,1.3,539,277
AAPL,56181,201203,1.2386,1.2414,555,277
AAPL,56419,201203,1.2386,1.2771,411,277
AAPL,58063,201203,1.2386,1.3,1554,277
AAPL,58307,201203,1.2386,1.22,712,277
AAPL,58377,201203,1.2386,1.2271,389,277
AAPL,58499,201203,1.2386,1.1429,779,277
AAPL,59325,201203,1.2386,1.1971,1361,277
AAPL,70706,201203,1.2386,1.2629,1023,277
AAPL,70721,201203,1.2386,1.2643,97,277
AAPL,70850,201203,1.2386,1.2686,396,277
AAPL,71466,201203,1.2386,1.1543,499,277
AAPL,72029,201203,1.2386,1.2414,489,277
AAPL,72069,201203,1.2386,1.2757,1077,277
AAPL,72446,201203,1.2386,1.2229,624,277
AAPL,75007,201203,1.2386,1.2614,395,277
AAPL,75222,201203,1.2386,1.1557,273,277
AAPL,76979,201203,1.2386,1.2429,352,277
AAPL,78750,201203,1.2386,1.2429,854,277
AAPL,86702,201203,1.2386,1.1843,631,277
AAPL,90646,201203,1.2386,1.2171,1046,277
AAPL,92348,201203,1.2386,1.2814,900,277
AAPL,106330,201203,1.2386,1.2286,710,277
AAPL,107682,201203,1.2386,1.2943,508,277
AAPL,107846,201203,1.2386,1.2386,900,277
AAPL,108607,201203,1.2386,1.1443,684,277
AAPL,108873,201203,1.2386,1.22,158,277
AAPL,110208,201203,1.2386,1.2314,1035,277
AAPL,113333,201203,1.2386,1.3643,572,277
AAPL,120428,201203,1.2386,1.2643,426,277
AAPL,120641,201203,1.2386,1.1986,638,277
AAPL,125796,201203,1.2386,1.3829,316,277
AAPL,127008,201203,1.2386,1.3143,125,277
AAPL,132104,201203,1.2386,1.2257,123,277
AAPL,134165,201203,1.2386,1.3529,304,277
AAPL,143656,201203,1.2386,1.2714,188,277
AAPL,144094,201203,1.2386,1.28,259,277
AAPL,155522,201203,1.2386,1.1571,36,277
AAPL,1047,201204,1.9729,1.7143,729,277
AAPL,8065,201204,1.9729,1.8243,1278,277
AAPL,40319,201204,1.9729,2,446,277
AAPL,42413,201204,1.9729,1.8343,133,277
AAPL,44121,201204,1.9729,1.9571,686,277
AAPL,47677,201204,1.9729,2.0343,470,277
AAPL,49595,201204,1.9729,1.9114,740,277
AAPL,51096,201204,1.9729,1.98,1055,277
AAPL,53315,201204,1.9729,1.7929,539,277
AAPL,54719,201204,1.9729,1.71,755,277
AAPL,56181,201204,1.9729,1.9286,555,277
AAPL,56419,201204,1.9729,1.9529,411,277
AAPL,58063,201204,1.9729,1.8,1554,277
AAPL,58307,201204,1.9729,2.0343,712,277
AAPL,58377,201204,1.9729,2.0714,389,277
AAPL,58499,201204,1.9729,1.8857,779,277
AAPL,59325,201204,1.9729,1.9614,1361,277
AAPL,70706,201204,1.9729,1.7986,1023,277
AAPL,70721,201204,1.9729,2.0271,97,277
AAPL,70850,201204,1.9729,1.9571,396,277
AAPL,71466,201204,1.9729,1.7429,499,277
AAPL,72029,201204,1.9729,2.2143,489,277
AAPL,72069,201204,1.9729,1.9729,1077,277
AAPL,72446,201204,1.9729,1.7971,624,277
AAPL,73315,201204,1.9729,1.8157,549,277
AAPL,75007,201204,1.9729,2.0386,395,277
AAPL,75222,201204,1.9729,1.8214,273,277
AAPL,76979,201204,1.9729,2.0843,352,277
AAPL,78750,201204,1.9729,1.8957,854,277
AAPL,86702,201204,1.9729,1.8229,631,277
AAPL,90646,201204,1.9729,1.98,1046,277
AAPL,92348,201204,1.9729,1.7871,900,277
AAPL,106330,201204,1.9729,1.8586,710,277
AAPL,107682,201204,1.9729,2.01,508,277
AAPL,107846,201204,1.9729,2.0057,900,277
AAPL,108607,201204,1.9729,2.0043,684,277
AAPL,108873,201204,1.9729,1.9286,158,277
AAPL,110208,201204,1.9729,1.97,1035,277
AAPL,113333,201204,1.9729,2.0929,572,277
AAPL,120428,201204,1.9729,1.84,426,277
AAPL,120641,201204,1.9729,1.9329,638,277
AAPL,125796,201204,1.9729,1.9443,316,277
AAPL,127008,201204,1.9729,1.76,125,277
AAPL,132104,201204,1.9729,1.95,123,277
AAPL,134165,201204,1.9729,2.0986,304,277
AAPL,143656,201204,1.9729,2.0329,188,277
AAPL,144094,201204,1.9729,1.8286,259,277
AAPL,155522,201204,1.9729,2.03,36,277
AAPL,1047,201301,1.4414,1.4543,729,277
AAPL,8065,201301,1.4414,1.38,1278,277
AAPL,40319,201301,1.4414,1.3429,446,277
AAPL,42413,201301,1.4414,1.49,133,277
AAPL,44121,201301,1.4414,1.4143,686,277
AAPL,47677,201301,1.4414,1.7143,470,277
AAPL,49595,201301,1.4414,1.4,740,277
AAPL,51096,201301,1.4414,1.3986,1055,277
AAPL,53315,201301,1.4414,1.4071,539,277
AAPL,54719,201301,1.4414,1.3186,755,277
AAPL,56181,201301,1.4414,1.4543,555,277
AAPL,56419,201301,1.4414,1.5743,411,277
AAPL,58063,201301,1.4414,1.4243,1554,277
AAPL,58377,201301,1.4414,1.4314,389,277
AAPL,58499,201301,1.4414,1.4457,779,277
AAPL,59325,201301,1.4414,1.3414,1361,277
AAPL,70706,201301,1.4414,1.4014,1023,277
AAPL,70721,201301,1.4414,1.39,97,277
AAPL,70850,201301,1.4414,1.4286,396,277
AAPL,71466,201301,1.4414,1.4214,499,277
AAPL,72029,201301,1.4414,1.36,489,277
AAPL,72069,201301,1.4414,1.46,1077,277
AAPL,72446,201301,1.4414,1.4171,624,277
AAPL,73315,201301,1.4414,1.3543,549,277
AAPL,75007,201301,1.4414,1.4329,395,277
AAPL,75222,201301,1.4414,1.4286,273,277
AAPL,76979,201301,1.4414,1.4771,352,277
AAPL,78750,201301,1.4414,1.4286,854,277
AAPL,86702,201301,1.4414,1.37,631,277
AAPL,90646,201301,1.4414,1.4186,1046,277
AAPL,92348,201301,1.4414,1.5243,900,277
AAPL,106330,201301,1.4414,1.5114,710,277
AAPL,107682,201301,1.4414,1.4886,508,277
AAPL,107846,201301,1.4414,1.4343,900,277
AAPL,108607,201301,1.4414,1.3857,684,277
AAPL,108873,201301,1.4414,1.4214,158,277
AAPL,110208,201301,1.4414,1.37,1035,277
AAPL,113333,201301,1.4414,1.3714,572,277
AAPL,120428,201301,1.4414,1.3957,426,277
AAPL,120641,201301,1.4414,1.4186,638,277
AAPL,125796,201301,1.4414,1.4529,316,277
AAPL,132104,201301,1.4414,1.3457,123,277
AAPL,134165,201301,1.4414,1.4614,304,277
AAPL,143656,201301,1.4414,1.4257,188,277
AAPL,144094,201301,1.4414,1.4843,259,277
AAPL,155522,201301,1.4414,1.5186,36,277
AAPL,1047,201302,1.0671,1.0871,729,277
AAPL,8065,201302,1.0671,1.0857,1278,277
AAPL,40319,201302,1.0671,1.0357,446,277
AAPL,42413,201302,1.0671,1.0314,133,277
AAPL,44121,201302,1.0671,1.05,686,277
AAPL,47677,201302,1.0671,1.0043,470,277
AAPL,49595,201302,1.0671,1.0214,740,277
AAPL,51096,201302,1.0671,0.9943,1055,277
AAPL,53315,201302,1.0671,1,539,277
AAPL,54719,201302,1.0671,1.0114,755,277
AAPL,56181,201302,1.0671,1.0529,555,277
AAPL,56419,201302,1.0671,1.05,411,277
AAPL,58063,201302,1.0671,1.0771,1554,277
AAPL,58377,201302,1.0671,1.03,389,277
AAPL,58499,201302,1.0671,1.0329,779,277
AAPL,59325,201302,1.0671,1.0143,1361,277
AAPL,70706,201302,1.0671,1.14,1023,277
AAPL,70721,201302,1.0671,1.0771,97,277
AAPL,70850,201302,1.0671,1.39,396,277
AAPL,71466,201302,1.0671,1.1057,499,277
AAPL,72029,201302,1.0671,1.0557,489,277
AAPL,72069,201302,1.0671,1.1271,1077,277
AAPL,72446,201302,1.0671,1.0243,624,277
AAPL,73315,201302,1.0671,1.0057,549,277
AAPL,75007,201302,1.0671,1.0629,395,277
AAPL,75222,201302,1.0671,0.9514,273,277
AAPL,76979,201302,1.0671,1.0614,352,277
AAPL,78750,201302,1.0671,1.0529,854,277
AAPL,81187,201302,1.0671,0.9486,565,277
AAPL,86702,201302,1.0671,1.0314,631,277
AAPL,90646,201302,1.0671,1.0329,1046,277
AAPL,92348,201302,1.0671,1.0771,900,277
AAPL,106330,201302,1.0671,1.0871,710,277
AAPL,107682,201302,1.0671,1.0857,508,277
AAPL,107846,201302,1.0671,1.0143,900,277
AAPL,108607,201302,1.0671,1.0543,684,277
AAPL,108873,201302,1.0671,1.0257,158,277
AAPL,110208,201302,1.0671,1.0229,1035,277
AAPL,113333,201302,1.0671,1.0157,572,277
AAPL,120428,201302,1.0671,1.0271,426,277
AAPL,120641,201302,1.0671,1.0257,638,277
AAPL,125796,201302,1.0671,1.0457,316,277
AAPL,127008,201302,1.0671,1.1643,125,277
AAPL,132104,201302,1.0671,1.0457,123,277
AAPL,134165,201302,1.0671,1.07,304,277
AAPL,143656,201302,1.0671,1.0243,188,277
AAPL,144094,201302,1.0671,1.1214,259,277
AAPL,155522,201302,1.0671,1.0657,36,277
AAPL,1047,201303,1.18,1.1443,729,277
AAPL,8065,201303,1.18,1.1429,1278,277
AAPL,40319,201303,1.18,1.1429,446,277
AAPL,42413,201303,1.18,1.1329,133,277
AAPL,44121,201303,1.18,1.1129,686,277
AAPL,47677,201303,1.18,1.1386,470,277
AAPL,49595,201303,1.18,1.1143,740,277
AAPL,51096,201303,1.18,1.1343,1055,277
AAPL,53315,201303,1.18,1.1457,539,277
AAPL,54719,201303,1.18,1.0714,755,277
AAPL,56181,201303,1.18,1.1429,555,277
AAPL,56419,201303,1.18,1.1371,411,277
AAPL,58063,201303,1.18,1.1957,1554,277
AAPL,58377,201303,1.18,1.1386,389,277
AAPL,58499,201303,1.18,1.1429,779,277
AAPL,59325,201303,1.18,1.1071,1361,277
AAPL,70706,201303,1.18,1.13,1023,277
AAPL,71466,201303,1.18,1.13,499,277
AAPL,72029,201303,1.18,1.2129,489,277
AAPL,72069,201303,1.18,1.15,1077,277
AAPL,72446,201303,1.18,1.1329,624,277
AAPL,73315,201303,1.18,1.1229,549,277
AAPL,75007,201303,1.18,1.1371,395,277
AAPL,75222,201303,1.18,1.1357,273,277
AAPL,76979,201303,1.18,1.1456,352,277
AAPL,78750,201303,1.18,1.1514,854,277
AAPL,81187,201303,1.18,1.13,565,277
AAPL,86702,201303,1.18,1.1429,631,277
AAPL,90646,201303,1.18,1.17,1046,277
AAPL,106330,201303,1.18,1.0771,710,277
AAPL,107682,201303,1.18,1.1314,508,277
AAPL,107846,201303,1.18,1.1343,900,277
AAPL,108607,201303,1.18,1.1271,684,277
AAPL,108873,201303,1.18,1.1629,158,277
AAPL,110208,201303,1.18,1.1586,1035,277
AAPL,113333,201303,1.18,1.1186,572,277
AAPL,120428,201303,1.18,1.1543,426,277
AAPL,120641,201303,1.18,1.1143,638,277
AAPL,125796,201303,1.18,1.1371,316,277
AAPL,132104,201303,1.18,1.1471,123,277
AAPL,134165,201303,1.18,1.11,304,277
AAPL,143656,201303,1.18,1.18,188,277
AAPL,144094,201303,1.18,1.1271,259,277
AAPL,155522,201303,1.18,1.1257,36,277
AAPL,1047,201304,2.0714,2.0029,729,277
AAPL,8065,201304,2.0714,2.06,1278,277
AAPL,42413,201304,2.0714,1.9529,133,277
AAPL,44121,201304,2.0714,2.0357,686,277
AAPL,47677,201304,2.0714,1.9943,470,277
AAPL,49595,201304,2.0714,1.9829,740,277
AAPL,51096,201304,2.0714,1.9629,1055,277
AAPL,53315,201304,2.0714,2.01,539,277
AAPL,54719,201304,2.0714,1.9529,755,277
AAPL,56181,201304,2.0714,2.0571,555,277
AAPL,56419,201304,2.0714,2.07,411,277
AAPL,58063,201304,2.0714,2.01,1554,277
AAPL,58377,201304,2.0714,2.1214,389,277
AAPL,58499,201304,2.0714,2.0329,779,277
AAPL,59325,201304,2.0714,1.9886,1361,277
AAPL,70706,201304,2.0714,1.96,1023,277
AAPL,71466,201304,2.0714,1.9386,499,277
AAPL,72029,201304,2.0714,2,489,277
AAPL,72069,201304,2.0714,2.1771,1077,277
AAPL,72446,201304,2.0714,2.0414,624,277
AAPL,73315,201304,2.0714,2.0157,549,277
AAPL,75007,201304,2.0714,2.0457,395,277
AAPL,75222,201304,2.0714,2.02,273,277
AAPL,76979,201304,2.0714,2.1433,352,277
AAPL,78750,201304,2.0714,2.0443,854,277
AAPL,81187,201304,2.0714,2.0029,565,277
AAPL,86702,201304,2.0714,2.0014,631,277
AAPL,90646,201304,2.0714,2.0314,1046,277
AAPL,106330,201304,2.0714,1.9271,710,277
AAPL,107682,201304,2.0714,2.0071,508,277
AAPL,107846,201304,2.0714,2.0386,900,277
AAPL,108607,201304,2.0714,1.9886,684,277
AAPL,108873,201304,2.0714,2.0357,158,277
AAPL,110208,201304,2.0714,2,1035,277
AAPL,113333,201304,2.0714,1.9914,572,277
AAPL,120428,201304,2.0714,1.9671,426,277
AAPL,120641,201304,2.0714,1.9657,638,277
AAPL,125796,201304,2.0714,2.0414,316,277
AAPL,132104,201304,2.0714,1.9729,123,277
AAPL,134165,201304,2.0714,2.0071,304,277
AAPL,143656,201304,2.0714,2.0043,188,277
AAPL,144094,201304,2.0714,2.0129,259,277
AAPL,155522,201304,2.0714,1.9857,36,277
AAPL,1047,201401,1.66,1.4471,729,277
AAPL,8065,201401,1.66,1.4786,1278,277
AAPL,40319,201401,1.66,1.4286,446,277
AAPL,42413,201401,1.66,1.45,133,277
AAPL,43767,201401,1.66,1.4486,26,277
AAPL,44121,201401,1.66,1.5271,686,277
AAPL,47677,201401,1.66,1.6514,470,277
AAPL,49595,201401,1.66,1.4286,740,277
AAPL,51096,201401,1.66,1.4486,1055,277
AAPL,53315,201401,1.66,1.5529,539,277
AAPL,54719,201401,1.66,1.4157,755,277
AAPL,56181,201401,1.66,1.5157,555,277
AAPL,56419,201401,1.66,1.5014,411,277
AAPL,58063,201401,1.66,1.4657,1554,277
AAPL,58377,201401,1.66,1.4914,389,277
AAPL,58499,201401,1.66,1.4571,779,277
AAPL,59325,201401,1.66,1.4629,1361,277
AAPL,70706,201401,1.66,1.4614,1023,277
AAPL,72029,201401,1.66,1.4371,489,277
AAPL,72069,201401,1.66,1.4457,1077,277
AAPL,72446,201401,1.66,1.4886,624,277
AAPL,73315,201401,1.66,1.4743,549,277
AAPL,75007,201401,1.66,1.4686,395,277
AAPL,75222,201401,1.66,1.3929,273,277
AAPL,76979,201401,1.66,1.3806,352,277
AAPL,77028,201401,1.66,1.4686,505,277
AAPL,78750,201401,1.66,1.47,854,277
AAPL,81187,201401,1.66,1.4014,565,277
AAPL,86702,201401,1.66,1.4514,631,277
AAPL,90646,201401,1.66,1.4686,1046,277
AAPL,106330,201401,1.66,1.4086,710,277
AAPL,107682,201401,1.66,1.4843,508,277
AAPL,107846,201401,1.66,1.4386,900,277
AAPL,108607,201401,1.66,1.4729,684,277
AAPL,108873,201401,1.66,1.4543,158,277
AAPL,109688,201401,1.66,1.4861,468,277
AAPL,110208,201401,1.66,1.44,1035,277
AAPL,112843,201401,1.66,1.4486,661,277
AAPL,113333,201401,1.66,1.46,572,277
AAPL,120428,201401,1.66,1.4214,426,277
AAPL,120641,201401,1.66,1.3857,638,277
AAPL,125796,201401,1.66,1.4657,316,277
AAPL,132104,201401,1.66,1.4314,123,277
AAPL,134165,201401,1.66,1.4186,304,277
AAPL,143656,201401,1.66,1.4371,188,277
AAPL,144094,201401,1.66,1.4729,259,277
AAPL,155522,201401,1.66,1.4586,36,277
AAPL,1047,201402,1.28,1.2157,729,277
AAPL,8065,201402,1.28,1.25,1278,277
AAPL,40319,201402,1.28,1.22,446,277
AAPL,42413,201402,1.28,1.27,133,277
AAPL,43767,201402,1.28,1.23,26,277
AAPL,44121,201402,1.28,1.26,686,277
AAPL,49595,201402,1.28,1.24,740,277
AAPL,51096,201402,1.28,1.1957,1055,277
AAPL,54719,201402,1.28,1.1857,755,277
AAPL,56181,201402,1.28,1.27,555,277
AAPL,56419,201402,1.28,1.2729,411,277
AAPL,58063,201402,1.28,1.2271,1554,277
AAPL,58377,201402,1.28,1.2414,389,277
AAPL,58499,201402,1.28,1.35,779,277
AAPL,59325,201402,1.28,1.2314,1361,277
AAPL,70706,201402,1.28,1.2386,1023,277
AAPL,72029,201402,1.28,1.1786,489,277
AAPL,72069,201402,1.28,1.2071,1077,277
AAPL,72446,201402,1.28,1.2043,624,277
AAPL,73315,201402,1.28,1.18,549,277
AAPL,75007,201402,1.28,1.22,395,277
AAPL,75222,201402,1.28,1.1786,273,277
AAPL,76979,201402,1.28,1.218,352,277
AAPL,77028,201402,1.28,1.2,505,277
AAPL,78750,201402,1.28,1.25,854,277
AAPL,81187,201402,1.28,1.24,565,277
AAPL,86702,201402,1.28,1.24,631,277
AAPL,90646,201402,1.28,1.2557,1046,277
AAPL,107682,201402,1.28,1.2,508,277
AAPL,107846,201402,1.28,1.25,900,277
AAPL,108607,201402,1.28,1.2,684,277
AAPL,108873,201402,1.28,1.23,158,277
AAPL,109688,201402,1.28,1.2043,468,277
AAPL,110208,201402,1.28,1.2071,1035,277
AAPL,112843,201402,1.28,1.21,661,277
AAPL,113093,201402,1.28,1.24,1060,277
AAPL,113333,201402,1.28,1.31,572,277
AAPL,120428,201402,1.28,1.2086,426,277
AAPL,120641,201402,1.28,1.1386,638,277
AAPL,125796,201402,1.28,1.2286,316,277
AAPL,132104,201402,1.28,1.2586,123,277
AAPL,134165,201402,1.28,1.1686,304,277
AAPL,143656,201402,1.28,1.2371,188,277
AAPL,144094,201402,1.28,1.2,259,277
AAPL,155522,201402,1.28,1.37,36,277
AAPL,1047,201403,1.42,1.21,729,277
AAPL,8065,201403,1.42,1.32,1278,277
AAPL,42413,201403,1.42,1.28,133,277
AAPL,44121,201403,1.42,1.3257,686,277
AAPL,49595,201403,1.42,1.25,740,277
AAPL,51096,201403,1.42,1.29,1055,277
AAPL,54719,201403,1.42,1.1557,755,277
AAPL,56181,201403,1.42,1.32,555,277
AAPL,56419,201403,1.42,1.32,411,277
AAPL,58063,201403,1.42,1.31,1554,277
AAPL,58377,201403,1.42,1.3,389,277
AAPL,58499,201403,1.42,1.34,779,277
AAPL,59325,201403,1.42,1.28,1361,277
AAPL,70706,201403,1.42,1.3,1023,277
AAPL,72069,201403,1.42,1.24,1077,277
AAPL,72446,201403,1.42,1.28,624,277
AAPL,73315,201403,1.42,1.35,549,277
AAPL,75007,201403,1.42,1.31,395,277
AAPL,75222,201403,1.42,1.25,273,277
AAPL,76979,201403,1.42,1.334,352,277
AAPL,77028,201403,1.42,1.23,505,277
AAPL,78750,201403,1.42,1.27,854,277
AAPL,81187,201403,1.42,1.31,565,277
AAPL,86702,201403,1.42,1.25,631,277
AAPL,90646,201403,1.42,1.32,1046,277
AAPL,107682,201403,1.42,1.37,508,277
AAPL,107846,201403,1.42,1.28,900,277
AAPL,108607,201403,1.42,1.33,684,277
AAPL,108873,201403,1.42,1.38,158,277
AAPL,109688,201403,1.42,1.276,468,277
AAPL,110208,201403,1.42,1.33,1035,277
AAPL,112843,201403,1.42,1.37,661,277
AAPL,113093,201403,1.42,1.3,1060,277
AAPL,113333,201403,1.42,1.31,572,277
AAPL,120428,201403,1.42,1.27,426,277
AAPL,120641,201403,1.42,1.23,638,277
AAPL,125669,201403,1.42,1.47,438,277
AAPL,125796,201403,1.42,1.29,316,277
AAPL,134165,201403,1.42,1.32,304,277
AAPL,136753,201403,1.42,1.4,445,277
AAPL,143656,201403,1.42,1.26,188,277
AAPL,144094,201403,1.42,1.32,259,277
AAPL,155522,201403,1.42,1.26,36,277
AAPL,8065,201404,3.06,2.67,1278,277
AAPL,40319,201404,3.06,2.46,446,277
AAPL,42413,201404,3.06,2.53,133,277
AAPL,43767,201404,3.06,2.81,26,277
AAPL,49595,201404,3.06,2.51,740,277
AAPL,51096,201404,3.06,2.52,1055,277
AAPL,56181,201404,3.06,2.79,555,277
AAPL,56419,201404,3.06,2.77,411,277
AAPL,58063,201404,3.06,2.61,1554,277
AAPL,58377,201404,3.06,2.54,389,277
AAPL,58499,201404,3.06,2.64,779,277
AAPL,59325,201404,3.06,2.57,1361,277
AAPL,70706,201404,3.06,2.51,1023,277
AAPL,72069,201404,3.06,2.54,1077,277
AAPL,72446,201404,3.06,2.52,624,277
AAPL,73315,201404,3.06,2.55,549,277
AAPL,75007,201404,3.06,2.55,395,277
AAPL,76979,201404,3.06,2.966,352,277
AAPL,77028,201404,3.06,2.48,505,277
AAPL,78750,201404,3.06,2.61,854,277
AAPL,81187,201404,3.06,2.88,565,277
AAPL,86702,201404,3.06,2.5,631,277
AAPL,107682,201404,3.06,2.65,508,277
AAPL,107846,201404,3.06,2.72,900,277
AAPL,108607,201404,3.06,2.54,684,277
AAPL,108873,201404,3.06,2.44,158,277
AAPL,109688,201404,3.06,2.501,468,277
AAPL,110208,201404,3.06,2.62,1035,277
AAPL,112843,201404,3.06,2.6,661,277
AAPL,113093,201404,3.06,2.67,1060,277
AAPL,113333,201404,3.06,2.61,572,277
AAPL,120428,201404,3.06,2.53,426,277
AAPL,120641,201404,3.06,2.45,638,277
AAPL,125669,201404,3.06,2.75,438,277
AAPL,125796,201404,3.06,2.57,316,277
AAPL,136753,201404,3.06,2.61,445,277
AAPL,143656,201404,3.06,2.55,188,277
AAPL,144094,201404,3.06,2.46,259,277
AAPL,155522,201404,3.06,2.63,36,277
AAPL,8065,201501,2.33,2.32,1278,277
AAPL,40319,201501,2.33,1.89,446,277
AAPL,42413,201501,2.33,2.16,133,277
AAPL,43767,201501,2.33,2,26,277
AAPL,49595,201501,2.33,2.04,740,277
AAPL,51096,201501,2.33,2.08,1055,277
AAPL,56181,201501,2.33,2.16,555,277
AAPL,56419,201501,2.33,2.21,411,277
AAPL,58063,201501,2.33,2.19,1554,277
AAPL,58377,201501,2.33,2.17,389,277
AAPL,58499,201501,2.33,2.2,779,277
AAPL,59325,201501,2.33,2.08,1361,277
AAPL,70706,201501,2.33,2.15,1023,277
AAPL,72069,201501,2.33,2.15,1077,277
AAPL,72446,201501,2.33,2.13,624,277
AAPL,75007,201501,2.33,2.06,395,277
AAPL,76979,201501,2.33,2.188,352,277
AAPL,77028,201501,2.33,2.06,505,277
AAPL,78750,201501,2.33,2.18,854,277
AAPL,81187,201501,2.33,2.12,565,277
AAPL,86702,201501,2.33,2.07,631,277
AAPL,107682,201501,2.33,2.18,508,277
AAPL,107846,201501,2.33,2.26,900,277
AAPL,108607,201501,2.33,2.26,684,277
AAPL,108873,201501,2.33,2.13,158,277
AAPL,109688,201501,2.33,2.199,468,277
AAPL,110208,201501,2.33,2.14,1035,277
AAPL,112843,201501,2.33,2.27,661,277
AAPL,113093,201501,2.33,2.23,1060,277
AAPL,113333,201501,2.33,2.17,572,277
AAPL,119509,201501,2.33,2.2,616,277
AAPL,120428,201501,2.33,2.08,426,277
AAPL,120641,201501,2.33,2.06,638,277
AAPL,125669,201501,2.33,2.26,438,277
AAPL,125796,201501,2.33,2.11,316,277
AAPL,134165,201501,2.33,2.11,304,277
AAPL,136753,201501,2.33,2.16,445,277
AAPL,143656,201501,2.33,2.01,188,277
AAPL,144094,201501,2.33,2,259,277
AAPL,155522,201501,2.33,2.14,36,277
AAPL,8065,201502,1.85,2,1278,277
AAPL,40319,201502,1.85,1.65,446,277
AAPL,42413,201502,1.85,1.73,133,277
AAPL,43767,201502,1.85,1.82,26,277
AAPL,51096,201502,1.85,1.66,1055,277
AAPL,56181,201502,1.85,1.83,555,277
AAPL,56419,201502,1.85,1.85,411,277
AAPL,58063,201502,1.85,1.72,1554,277
AAPL,58377,201502,1.85,1.81,389,277
AAPL,58499,201502,1.85,1.88,779,277
AAPL,59325,201502,1.85,1.73,1361,277
AAPL,70706,201502,1.85,1.78,1023,277
AAPL,72069,201502,1.85,1.84,1077,277
AAPL,72446,201502,1.85,1.8,624,277
AAPL,76979,201502,1.85,1.873,352,277
AAPL,77028,201502,1.85,1.7,505,277
AAPL,78750,201502,1.85,1.82,854,277
AAPL,81187,201502,1.85,1.91,565,277
AAPL,86702,201502,1.85,1.82,631,277
AAPL,107682,201502,1.85,1.81,508,277
AAPL,107846,201502,1.85,1.8,900,277
AAPL,108607,201502,1.85,1.86,684,277
AAPL,108873,201502,1.85,1.84,158,277
AAPL,109688,201502,1.85,1.905,468,277
AAPL,110208,201502,1.85,1.78,1035,277
AAPL,112843,201502,1.85,1.82,661,277
AAPL,113093,201502,1.85,1.79,1060,277
AAPL,113333,201502,1.85,2.05,572,277
AAPL,119509,201502,1.85,1.79,616,277
AAPL,120428,201502,1.85,1.68,426,277
AAPL,120641,201502,1.85,1.65,638,277
AAPL,125669,201502,1.85,1.89,438,277
AAPL,125796,201502,1.85,1.73,316,277
AAPL,134165,201502,1.85,1.84,304,277
AAPL,136753,201502,1.85,1.73,445,277
AAPL,144094,201502,1.85,1.8,259,277
AAPL,155522,201502,1.85,1.79,36,277
AAPL,8065,201503,1.96,2.02,1278,277
AAPL,19412,201503,1.96,1.87,16,277
AAPL,40319,201503,1.96,1.92,446,277
AAPL,43767,201503,1.96,1.91,26,277
AAPL,51096,201503,1.96,1.83,1055,277
AAPL,56181,201503,1.96,1.93,555,277
AAPL,56419,201503,1.96,1.95,411,277
AAPL,58063,201503,1.96,1.9,1554,277
AAPL,58377,201503,1.96,1.87,389,277
AAPL,58499,201503,1.96,1.98,779,277
AAPL,59325,201503,1.96,1.9,1361,277
AAPL,70706,201503,1.96,1.89,1023,277
AAPL,72069,201503,1.96,1.84,1077,277
AAPL,72446,201503,1.96,1.83,624,277
AAPL,75007,201503,1.96,1.9,395,277
AAPL,76979,201503,1.96,1.876,352,277
AAPL,77028,201503,1.96,1.84,505,277
AAPL,78750,201503,1.96,1.88,854,277
AAPL,81187,201503,1.96,1.75,565,277
AAPL,86702,201503,1.96,1.87,631,277
AAPL,106330,201503,1.96,1.93,710,277
AAPL,107682,201503,1.96,1.95,508,277
AAPL,107846,201503,1.96,1.86,900,277
AAPL,108607,201503,1.96,1.88,684,277
AAPL,108873,201503,1.96,1.85,158,277
AAPL,109688,201503,1.96,1.87,468,277
AAPL,110208,201503,1.96,1.83,1035,277
AAPL,112843,201503,1.96,1.89,661,277
AAPL,113093,201503,1.96,1.8,1060,277
AAPL,113333,201503,1.96,1.92,572,277
AAPL,119509,201503,1.96,1.91,616,277
AAPL,120428,201503,1.96,1.84,426,277
AAPL,120641,201503,1.96,1.82,638,277
AAPL,125669,201503,1.96,1.92,438,277
AAPL,125796,201503,1.96,1.87,316,277
AAPL,134165,201503,1.96,1.8,304,277
AAPL,136753,201503,1.96,1.87,445,277
AAPL,144094,201503,1.96,1.9,259,277
AAPL,155522,201503,1.96,1.9,36,277
AAPL,8065,201504,3.28,3.18,1278,277
AAPL,19412,201504,3.28,3.22,16,277
AAPL,40319,201504,3.28,3.2,446,277
AAPL,51096,201504,3.28,3.2,1055,277
AAPL,56181,201504,3.28,3.25,555,277
AAPL,56419,201504,3.28,3.32,411,277
AAPL,58063,201504,3.28,3.36,1554,277
AAPL,58377,201504,3.28,3.18,389,277
AAPL,58499,201504,3.28,3.44,779,277
AAPL,59325,201504,3.28,3.27,1361,277
AAPL,70706,201504,3.28,3.26,1023,277
AAPL,72069,201504,3.28,3.18,1077,277
AAPL,75007,201504,3.28,3.36,395,277
AAPL,77028,201504,3.28,3.25,505,277
AAPL,78750,201504,3.28,3.3,854,277
AAPL,81187,201504,3.28,2.83,565,277
AAPL,86702,201504,3.28,3.25,631,277
AAPL,106330,201504,3.28,3.25,710,277
AAPL,107682,201504,3.28,3.3,508,277
AAPL,107846,201504,3.28,3.19,900,277
AAPL,108607,201504,3.28,3.18,684,277
AAPL,108873,201504,3.28,3.27,158,277
AAPL,109688,201504,3.28,3.205,468,277
AAPL,110208,201504,3.28,3.18,1035,277
AAPL,112843,201504,3.28,3.3,661,277
AAPL,113093,201504,3.28,3.17,1060,277
AAPL,113333,201504,3.28,3.14,572,277
AAPL,119509,201504,3.28,3.34,616,277
AAPL,120428,201504,3.28,3.2,426,277
AAPL,120641,201504,3.28,3.12,638,277
AAPL,125669,201504,3.28,3.3,438,277
AAPL,125796,201504,3.28,3.23,316,277
AAPL,134165,201504,3.28,3.13,304,277
AAPL,136753,201504,3.28,3.19,445,277
AAPL,144094,201504,3.28,3.21,259,277
AAPL,8065,201601,1.9,1.98,1278,277
AAPL,40319,201601,1.9,2.03,446,277
AAPL,51096,201601,1.9,1.89,1055,277
AAPL,56181,201601,1.9,2.03,555,277
AAPL,56419,201601,1.9,2.01,411,277
AAPL,58063,201601,1.9,1.97,1554,277
AAPL,58377,201601,1.9,1.98,389,277
AAPL,58499,201601,1.9,2.33,779,277
AAPL,59325,201601,1.9,2.01,1361,277
AAPL,72069,201601,1.9,1.96,1077,277
AAPL,75007,201601,1.9,2,395,277
AAPL,76979,201601,1.9,2.09,352,277
AAPL,77028,201601,1.9,1.99,505,277
AAPL,78750,201601,1.9,1.99,854,277
AAPL,81187,201601,1.9,1.93,565,277
AAPL,86702,201601,1.9,2.03,631,277
AAPL,106330,201601,1.9,1.98,710,277
AAPL,107682,201601,1.9,2.06,508,277
AAPL,107846,201601,1.9,2.02,900,277
AAPL,108607,201601,1.9,2.02,684,277
AAPL,108873,201601,1.9,2.1,158,277
AAPL,109688,201601,1.9,1.994,468,277
AAPL,110208,201601,1.9,1.99,1035,277
AAPL,112843,201601,1.9,1.99,661,277
AAPL,113093,201601,1.9,1.95,1060,277
AAPL,113333,201601,1.9,1.88,572,277
AAPL,119509,201601,1.9,1.95,616,277
AAPL,120428,201601,1.9,2.02,426,277
AAPL,120641,201601,1.9,1.97,638,277
AAPL,125669,201601,1.9,1.98,438,277
AAPL,125796,201601,1.9,2.04,316,277
AAPL,134165,201601,1.9,1.92,304,277
AAPL,136753,201601,1.9,2.02,445,277
AAPL,144094,201601,1.9,2.05,259,277
AAPL,8065,201602,1.42,1.4,1278,277
AAPL,40319,201602,1.42,1.39,446,277
AAPL,51096,201602,1.42,1.37,1055,277
AAPL,56181,201602,1.42,1.41,555,277
AAPL,56419,201602,1.42,1.44,411,277
AAPL,58063,201602,1.42,1.35,1554,277
AAPL,58377,201602,1.42,1.42,389,277
AAPL,59325,201602,1.42,1.4,1361,277
AAPL,72069,201602,1.42,1.39,1077,277
AAPL,75007,201602,1.42,1.39,395,277
AAPL,76979,201602,1.42,1.385,352,277
AAPL,77028,201602,1.42,1.36,505,277
AAPL,78750,201602,1.42,1.37,854,277
AAPL,86702,201602,1.42,1.39,631,277
AAPL,106330,201602,1.42,1.34,710,277
AAPL,107682,201602,1.42,1.46,508,277
AAPL,107846,201602,1.42,1.34,900,277
AAPL,108607,201602,1.42,1.36,684,277
AAPL,109688,201602,1.42,1.438,468,277
AAPL,110208,201602,1.42,1.39,1035,277
AAPL,112843,201602,1.42,1.37,661,277
AAPL,113093,201602,1.42,1.35,1060,277
AAPL,113333,201602,1.42,1.39,572,277
AAPL,119509,201602,1.42,1.36,616,277
AAPL,120428,201602,1.42,1.32,426,277
AAPL,120641,201602,1.42,1.37,638,277
AAPL,125669,201602,1.42,1.38,438,277
AAPL,125796,201602,1.42,1.39,316,277
AAPL,134165,201602,1.42,1.33,304,277
AAPL,136753,201602,1.42,1.36,445,277
AAPL,144094,201602,1.42,1.47,259,277
AAPL,8065,201603,1.67,1.61,1278,277
AAPL,40319,201603,1.67,1.66,446,277
AAPL,51096,201603,1.67,1.59,1055,277
AAPL,56181,201603,1.67,1.68,555,277
AAPL,56419,201603,1.67,1.71,411,277
AAPL,58063,201603,1.67,1.65,1554,277
AAPL,58377,201603,1.67,1.63,389,277
AAPL,59325,201603,1.67,1.65,1361,277
AAPL,72069,201603,1.67,1.63,1077,277
AAPL,76979,201603,1.67,1.73,352,277
AAPL,77028,201603,1.67,1.62,505,277
AAPL,78750,201603,1.67,1.59,854,277
AAPL,86702,201603,1.67,1.69,631,277
AAPL,106330,201603,1.67,1.61,710,277
AAPL,107682,201603,1.67,1.67,508,277
AAPL,107846,201603,1.67,1.68,900,277
AAPL,108607,201603,1.67,1.69,684,277
AAPL,109688,201603,1.67,1.695,468,277
AAPL,110208,201603,1.67,1.68,1035,277
AAPL,112843,201603,1.67,1.7,661,277
AAPL,113093,201603,1.67,1.67,1060,277
AAPL,113333,201603,1.67,1.69,572,277
AAPL,119509,201603,1.67,1.64,616,277
AAPL,120428,201603,1.67,1.65,426,277
AAPL,120641,201603,1.67,1.64,638,277
AAPL,125669,201603,1.67,1.63,438,277
AAPL,125796,201603,1.67,1.65,316,277
AAPL,134165,201603,1.67,1.62,304,277
AAPL,136753,201603,1.67,1.66,445,277
AAPL,144094,201603,1.67,1.67,259,277
AAPL,8065,201604,3.36,3.24,1278,277
AAPL,51096,201604,3.36,3.16,1055,277
AAPL,56181,201604,3.36,3.22,555,277
AAPL,56419,201604,3.36,3.28,411,277
AAPL,58063,201604,3.36,3.22,1554,277
AAPL,58377,201604,3.36,3.23,389,277
AAPL,59325,201604,3.36,3.21,1361,277
AAPL,72069,201604,3.36,3.21,1077,277
AAPL,75007,201604,3.36,3.21,395,277
AAPL,76979,201604,3.36,3.111,352,277
AAPL,77028,201604,3.36,3.2,505,277
AAPL,78750,201604,3.36,3.22,854,277
AAPL,86702,201604,3.36,3.2,631,277
AAPL,106330,201604,3.36,3.2,710,277
AAPL,107682,201604,3.36,3.28,508,277
AAPL,107846,201604,3.36,3.16,900,277
AAPL,108607,201604,3.36,3.16,684,277
AAPL,109688,201604,3.36,3.19,468,277
AAPL,110208,201604,3.36,3.15,1035,277
AAPL,112843,201604,3.36,3.18,661,277
AAPL,113093,201604,3.36,3.24,1060,277
AAPL,113333,201604,3.36,3.19,572,277
AAPL,119509,201604,3.36,3.11,616,277
AAPL,120428,201604,3.36,3.14,426,277
AAPL,120641,201604,3.36,3.15,638,277
AAPL,125669,201604,3.36,3.25,438,277
AAPL,125796,201604,3.36,3.22,316,277
AAPL,134165,201604,3.36,3.51,304,277
AAPL,136753,201604,3.36,3.14,445,277
AAPL,144094,201604,3.36,3.28,259,277