firmID,analystID,yq,actual,value
AAPL,677,200001,0.0314,0.0279
AAPL,677,200002,0.0321,0.0307
AAPL,677,200003,0.0214,0.0236
AAPL,677,200004,-0.0521,0.0007
AAPL,677,200102,0.0121,0.0107
AAPL,677,200103,0.0129,0.0143
AAPL,677,200104,0.0079,0.0086
AAPL,677,200201,0.0079,0.005
AAPL,677,200202,0.0064,0.0064
AAPL,677,200203,0.0014,0.0007
AAPL,677,200204,0.0021,0.0021
AAPL,1041,200001,0.0314,0.0282
AAPL,1041,200002,0.0321,0.0321
AAPL,1041,200003,0.0214,0.0214
AAPL,1041,200004,-0.0521,0.0036
AAPL,1041,200101,0.0079,0.005
AAPL,1041,200102,0.0121,0.0121
AAPL,1041,200103,0.0129,0.0143
AAPL,1041,200104,0.0079,0.0157
AAPL,1041,200201,0.0079,0.0086
AAPL,1041,200202,0.0064,0.0057
AAPL,1041,200203,0.0014,0.0014
AAPL,1041,200204,0.0021,0.0029
AAPL,1041,200301,0.0029,0.0014
AAPL,1047,200001,0.0314,0.0289
AAPL,1047,200002,0.0321,0.0321
AAPL,1047,200003,0.0214,0.0229
AAPL,1047,200004,-0.0521,-0.0471
AAPL,1047,200101,0.0079,0.0029
AAPL,1047,200102,0.0121,0.0186
AAPL,1047,200103,0.0129,0.0143
AAPL,1047,200104,0.0079,0.0079
AAPL,1047,200201,0.0079,0.0071
AAPL,1047,200202,0.0064,0.0064
AAPL,1047,200203,0.0014,0.0029
AAPL,1047,200204,0.0021,0.0036
AAPL,1047,200301,0.0029,0.0029
AAPL,1047,200302,0.0036,0.0043
AAPL,1047,200303,0.0057,0.0057
AAPL,1047,200304,0.0114,0.0107
AAPL,1047,200401,0.01,0.0064
AAPL,1047,200402,0.0121,0.01
AAPL,1047,200404,0.05,0.0364
AAPL,1047,200501,0.0486,0.0307
AAPL,1047,200502,0.0529,0.0443
AAPL,1047,200503,0.0543,0.0471
AAPL,1047,200504,0.0929,0.0857
AAPL,1047,200601,0.0671,0.0543
AAPL,1047,200602,0.0771,0.0586
AAPL,1047,200603,0.0886,0.07
AAPL,1047,200604,0.1629,0.1071
AAPL,1047,200701,0.1243,0.0757
AAPL,1047,200702,0.1314,0.0871
AAPL,1047,200704,0.2514,0.2271
AAPL,1047,200801,0.1657,0.1429
AAPL,1047,200802,0.17,0.1486
AAPL,1047,200803,0.18,0.15
AAPL,1047,200804,0.2543,0.1871
AAPL,1047,200901,0.19,0.15
AAPL,1047,200902,0.1929,0.1457
AAPL,1047,200903,0.26,0.1914
AAPL,1047,200904,0.5243,0.2529
AAPL,1047,201001,0.4757,0.3614
AAPL,1047,201002,0.5014,0.3957
AAPL,1047,201003,0.6629,0.4914
AAPL,1047,201004,0.9186,0.7043
AAPL,1047,201101,0.9143,0.73
AAPL,1047,201102,1.1129,0.8514
AAPL,1047,201103,1.0071,1.0529
AAPL,1047,201104,1.9814,1.55
AAPL,1047,201201,1.7571,1.2086
AAPL,1047,201202,1.3314,1.4829
AAPL,1047,201203,1.2386,1.1843
AAPL,1047,201204,1.9729,1.7143
AAPL,1047,201301,1.4414,1.4543
AAPL,1047,201302,1.0671,1.0871
AAPL,1047,201303,1.18,1.1443
AAPL,1047,201304,2.0714,2.0029
AAPL,1047,201401,1.66,1.4471
AAPL,1047,201402,1.28,1.2157
AAPL,1047,201403,1.42,1.21
AAPL,1997,200001,0.0314,0.0289
AAPL,1997,200002,0.0321,0.0307
AAPL,1997,200003,0.0214,0.0221
AAPL,1997,200004,-0.0521,-0.0471
AAPL,1997,200101,0.0079,0.0007
AAPL,1997,200102,0.0121,0
AAPL,1997,200103,0.0129,0.0093
AAPL,1997,200104,0.0079,0.0079
AAPL,1997,200201,0.0079,0.0079
AAPL,1997,200202,0.0064,0.0064
AAPL,1997,200203,0.0014,0.0014
AAPL,1997,200204,0.0021,0.0021
AAPL,1997,200301,0.0029,0.0014
AAPL,1997,200302,0.0036,0.0014
AAPL,1997,200303,0.0057,0.005
AAPL,1997,200304,0.0114,0.01
AAPL,1997,200401,0.01,0.0064
AAPL,1997,200402,0.0121,0.0107
AAPL,1997,200403,0.0193,0.0129
AAPL,1997,200404,0.05,0.0357
AAPL,1997,200501,0.0486,0.0343
AAPL,1997,200502,0.0529,0.0443
AAPL,1997,200503,0.0543,0.0529
AAPL,1997,200504,0.0929,0.0943
AAPL,1997,200601,0.0671,0.07
AAPL,1997,200602,0.0771,0.0643
AAPL,1997,200603,0.0886,0.0714
AAPL,1997,200604,0.1629,0.1114
AAPL,1997,200701,0.1243,0.0929
AAPL,1997,200702,0.1314,0.1043
AAPL,1997,200703,0.1443,0.1186
AAPL,1997,200704,0.2514,0.25
AAPL,1997,200801,0.1657,0.1543
AAPL,1997,200802,0.17,0.1571
AAPL,9077,200001,0.0314,0.0304
AAPL,9077,200002,0.0321,0.0325
AAPL,9077,200004,-0.0521,-0.0436
AAPL,9077,200101,0.0079,0.0014
AAPL,9077,200102,0.0121,0.0121
AAPL,9077,200103,0.0129,0.0121
AAPL,9077,200104,0.0079,0.0071
AAPL,9077,200201,0.0079,0.0079
AAPL,9077,200202,0.0064,0.0107
AAPL,9834,200001,0.0314,0.0289
AAPL,9834,200002,0.0321,0.0314
AAPL,9834,200003,0.0214,0.0214
AAPL,9834,200004,-0.0521,-0.0407
AAPL,9834,200101,0.0079,0.0021
AAPL,10014,200001,0.0314,0.0279
AAPL,10014,200002,0.0321,0.0311
AAPL,10014,200003,0.0214,0.0221
AAPL,10014,200004,-0.0521,-0.045
AAPL,10014,200101,0.0079,-0.0057
AAPL,10014,200102,0.0121,0.0086
AAPL,10014,200103,0.0129,0.0107
AAPL,10014,200104,0.0079,0.0071
AAPL,10014,200201,0.0079,0.0071
AAPL,10014,200202,0.0064,0.0057
AAPL,10014,200203,0.0014,0.0014
AAPL,10014,200204,0.0021,0.0014
AAPL,10014,200302,0.0036,0.0014
AAPL,10014,200303,0.0057,0.0043
AAPL,10014,200304,0.0114,0.0093
AAPL,10014,200401,0.01,0.0064
AAPL,10014,200402,0.0121,0.01
AAPL,10014,200403,0.0193,0.0129
AAPL,10014,200404,0.05,0.0379
AAPL,10014,200501,0.0486,0.0357
AAPL,10014,200502,0.0529,0.0429
AAPL,10014,200503,0.0543,0.0514
AAPL,10014,200504,0.0929,0.0714
AAPL,10014,200601,0.0671,0.0629
AAPL,10014,200602,0.0771,0.0614
AAPL,40709,200001,0.0314,0.0293
AAPL,40709,200002,0.0321,0.0307
AAPL,40709,200003,0.0214,0.0229
AAPL,40709,200101,0.0079,0.0021
AAPL,40709,200102,0.0121,0.01
AAPL,40709,200103,0.0129,0.0043
AAPL,40709,200104,0.0079,0.0079
AAPL,40709,200201,0.0079,0.0079
AAPL,40709,200202,0.0064,0.0064
AAPL,40709,200203,0.0014,0.0014
AAPL,40709,200204,0.0021,0.0007
AAPL,40709,200301,0.0029,0.0021
AAPL,42923,200001,0.0314,0.0271
AAPL,42923,200002,0.0321,0.0318
AAPL,42923,200003,0.0214,0.0321
AAPL,42923,200103,0.0129,0.0071
AAPL,42923,200104,0.0079,0.0071
AAPL,42923,200201,0.0079,0.0064
AAPL,42923,200202,0.0064,0.0057
AAPL,42923,200203,0.0014,0.0014
AAPL,42923,200204,0.0021,0.0036
AAPL,44283,200001,0.0314,0.0286
AAPL,44283,200002,0.0321,0.0321
AAPL,44283,200003,0.0214,0.0229
AAPL,44283,200004,-0.0521,-0.0471
AAPL,44283,200101,0.0079,0.0007
AAPL,44384,200001,0.0314,0.0286
AAPL,44384,200002,0.0321,0.0307
AAPL,44384,200003,0.0214,0.0214
AAPL,44384,200004,-0.0521,-0.0443
AAPL,44384,200101,0.0079,0
AAPL,44384,200102,0.0121,0.0121
AAPL,44384,200103,0.0129,0.0129
AAPL,44384,200104,0.0079,0.0086
AAPL,44384,200202,0.0064,0.0093
AAPL,47225,200001,0.0314,0.0289
AAPL,47225,200002,0.0321,0.0314
AAPL,47225,200003,0.0214,0.0229
AAPL,47225,200004,-0.0521,-0.0471
AAPL,47225,200101,0.0079,0.0043
AAPL,47225,200102,0.0121,0.0114
AAPL,47225,200103,0.0129,0.0129
AAPL,47225,200104,0.0079,0.0093
AAPL,47225,200201,0.0079,0.0079
AAPL,47225,200202,0.0064,0.0064
AAPL,47225,200203,0.0014,0.0021
AAPL,47225,200204,0.0021,0.0021
AAPL,47225,200301,0.0029,0.0014
AAPL,47225,200302,0.0036,0.0021
AAPL,47225,200303,0.0057,0.0043
AAPL,47225,200304,0.0114,0.0114
AAPL,47225,200401,0.01,0.0079
AAPL,47225,200402,0.0121,0.01
AAPL,47225,200403,0.0193,0.0143
AAPL,47225,200404,0.05,0.0371
AAPL,47225,200501,0.0486,0.0429
AAPL,47225,200502,0.0529,0.0471
AAPL,47225,200503,0.0543,0.0586
AAPL,47225,200504,0.0929,0.09
AAPL,47225,200601,0.0671,0.0643
AAPL,47225,200602,0.0771,0.0614
AAPL,47225,200603,0.0886,0.0771
AAPL,47225,200604,0.1629,0.1186
AAPL,47225,200701,0.1243,0.1043
AAPL,47225,200702,0.1314,0.1
AAPL,47225,200703,0.1443,0.1243
AAPL,47225,200704,0.2514,0.2271
AAPL,47225,200801,0.1657,0.1757
AAPL,47225,200802,0.17,0.1571
AAPL,47225,200803,0.18,0.1686
AAPL,47225,200804,0.2543,0.2029
AAPL,47225,200901,0.19,0.1757
AAPL,47225,200902,0.1929,0.1614
AAPL,47225,200903,0.26,0.2057
AAPL,47225,200904,0.5243,0.3114
AAPL,47225,201001,0.4757,0.3414
AAPL,47225,201002,0.5014,0.4571
AAPL,47225,201003,0.6629,0.5614
AAPL,47225,201004,0.9186,0.8214
AAPL,47225,201101,0.9143,0.7357
AAPL,47225,201102,1.1129,0.9057
AAPL,47225,201103,1.0071,1.22
AAPL,47225,201104,1.9814,1.4129
AAPL,47225,201201,1.7571,1.5629
AAPL,47225,201202,1.3314,1.4014
AAPL,56115,200001,0.0314,0.0279
AAPL,56115,200002,0.0321,0.0314
AAPL,56115,200003,0.0214,0.0314
AAPL,56115,200103,0.0129,0.0107
AAPL,71723,200001,0.0314,0.03
AAPL,71723,200002,0.0321,0.0311
AAPL,71723,200003,0.0214,0.0229
AAPL,71723,200004,-0.0521,-0.0457
AAPL,71723,200104,0.0079,0.0079
AAPL,71723,200201,0.0079,0.0043
AAPL,71723,200202,0.0064,0.0064
AAPL,71723,200203,0.0014,0.01
AAPL,92159,200001,0.0314,0.0279
AAPL,92159,200002,0.0321,0.0321
AAPL,92159,200003,0.0214,0.0286
AAPL,92159,200004,-0.0521,-0.0464
AAPL,92159,200101,0.0079,0
AAPL,92159,200102,0.0121,0.0043
AAPL,92159,200103,0.0129,0.01
AAPL,92159,200104,0.0079,0.0071
AAPL,92159,200201,0.0079,0.0043
AAPL,92159,200202,0.0064,0.0064
AAPL,92159,200203,0.0014,0.0029
AAPL,92159,200204,0.0021,0.0021
AAPL,92159,200301,0.0029,0.0021
AAPL,92159,200302,0.0036,0.0021
AAPL,92159,200303,0.0057,0.005
AAPL,92159,200304,0.0114,0.01
AAPL,92159,200401,0.01,0.0064
AAPL,92159,200402,0.0121,0.0064
AAPL,1048,200003,0.0214,0.0229
AAPL,1048,200004,-0.0521,-0.0457
AAPL,1048,200101,0.0079,-0.0021
AAPL,1048,200102,0.0121,0.01
AAPL,1048,200103,0.0129,0.0179
AAPL,9845,200003,0.0214,0.0229
AAPL,9845,200004,-0.0521,-0.0464
AAPL,9845,200101,0.0079,0.0036
AAPL,9845,200102,0.0121,0.01
AAPL,9845,200103,0.0129,0.0136
AAPL,9845,200104,0.0079,0.0071
AAPL,9845,200201,0.0079,0.0079
AAPL,9845,200202,0.0064,0.0064
AAPL,9845,200203,0.0014,0.0014
AAPL,9845,200204,0.0021,0.0021
AAPL,9845,200301,0.0029,0.0014
AAPL,9845,200302,0.0036,0.0014
AAPL,9845,200303,0.0057,0.005
AAPL,9845,200304,0.0114,0.01
AAPL,40586,200003,0.0214,0.0314
AAPL,40586,200004,-0.0521,0.0393
AAPL,40586,200101,0.0079,-0.0043
AAPL,40586,200102,0.0121,0.0107
AAPL,40586,200104,0.0079,0.0093
AAPL,70648,200003,0.0214,0.0221
AAPL,70648,200004,-0.0521,-0.0464
AAPL,70648,200101,0.0079,0.0014
AAPL,70648,200102,0.0121,0.0121
AAPL,70648,200103,0.0129,0.0114
AAPL,70648,200104,0.0079,0.0071
AAPL,70648,200201,0.0079,0.0079
AAPL,70648,200202,0.0064,0.0093
AAPL,70648,200404,0.05,0.0364
AAPL,70648,200501,0.0486,0.0386
AAPL,70648,200502,0.0529,0.0457
AAPL,70648,200503,0.0543,0.054
AAPL,70648,200504,0.0929,0.0753
AAPL,70648,200601,0.0671,0.0643
AAPL,70648,200602,0.0771,0.0614
AAPL,70648,200603,0.0886,0.07
AAPL,70648,200604,0.1629,0.1114
AAPL,70648,200701,0.1243,0.0914
AAPL,70648,200702,0.1314,0.1029
AAPL,70648,200703,0.1443,0.1214
AAPL,70648,200704,0.2514,0.2286
AAPL,70648,200801,0.1657,0.1557
AAPL,70648,200802,0.17,0.1529
AAPL,70648,200803,0.18,0.1571
AAPL,70648,200804,0.2543,0.1929
AAPL,70648,200901,0.19,0.1529
AAPL,70648,200902,0.1929,0.1671
AAPL,70648,200903,0.26,0.2
AAPL,70648,200904,0.5243,0.2943
AAPL,70648,201001,0.4757,0.3457
AAPL,70648,201002,0.5014,0.3871
AAPL,71453,200004,-0.0521,-0.0493
AAPL,71453,200101,0.0079,0.0014
AAPL,71453,200102,0.0121,0.0093
AAPL,71453,200103,0.0129,0.0193
AAPL,49595,200101,0.0079,0.0021
AAPL,49595,200102,0.0121,0.0093
AAPL,49595,200304,0.0114,0.01
AAPL,49595,200401,0.01,0.0064
AAPL,49595,200402,0.0121,0.0107
AAPL,49595,200403,0.0193,0.0136
AAPL,49595,200404,0.05,0.0329
AAPL,49595,200501,0.0486,0.0321
AAPL,49595,200502,0.0529,0.0429
AAPL,49595,200503,0.0543,0.0529
AAPL,49595,200504,0.0929,0.0971
AAPL,49595,200601,0.0671,0.0614
AAPL,49595,200602,0.0771,0.06
AAPL,49595,200603,0.0886,0.0714
AAPL,49595,200604,0.1629,0.1143
AAPL,49595,200701,0.1243,0.09
AAPL,49595,200702,0.1314,0.1014
AAPL,49595,200703,0.1443,0.1157
AAPL,49595,200704,0.2514,0.2229
AAPL,49595,200801,0.1657,0.15
AAPL,49595,200802,0.17,0.1557
AAPL,49595,200803,0.18,0.16
AAPL,49595,200804,0.2543,0.1871
AAPL,49595,200901,0.19,0.1429
AAPL,49595,200902,0.1929,0.1586
AAPL,49595,200903,0.26,0.1829
AAPL,49595,200904,0.5243,0.2914
AAPL,49595,201001,0.4757,0.3543
AAPL,49595,201002,0.5014,0.4143
AAPL,49595,201003,0.6629,0.5786
AAPL,49595,201004,0.9186,0.7614
AAPL,49595,201101,0.9143,0.7286
AAPL,49595,201102,1.1129,0.7771
AAPL,49595,201103,1.0071,1.0143
AAPL,49595,201104,1.9814,1.38
AAPL,49595,201201,1.7571,1.3814
AAPL,49595,201202,1.3314,1.3743
AAPL,49595,201203,1.2386,1.1871
AAPL,49595,201204,1.9729,1.9114
AAPL,49595,201301,1.4414,1.4
AAPL,49595,201302,1.0671,1.0214
AAPL,49595,201303,1.18,1.1143
AAPL,49595,201304,2.0714,1.9829
AAPL,49595,201401,1.66,1.4286
AAPL,49595,201402,1.28,1.24
AAPL,49595,201403,1.42,1.25
AAPL,49595,201404,3.06,2.51
AAPL,49595,201501,2.33,2.04
AAPL,9742,200102,0.0121,0.0107
AAPL,9742,200103,0.0129,0.0114
AAPL,9742,200104,0.0079,0.0071
AAPL,9742,200201,0.0079,0.0079
AAPL,71851,200103,0.0129,0.0136
AAPL,71851,200104,0.0079,0.0079
AAPL,71851,200301,0.0029,0.0029
AAPL,71851,200302,0.0036,0.0029
AAPL,71851,200303,0.0057,0.0057
AAPL,71851,200304,0.0114,0.01
AAPL,77289,200103,0.0129,0.0136
AAPL,77289,200104,0.0079,0.0093
AAPL,77289,200201,0.0079,0.0079
AAPL,77289,200202,0.0064,0.0064
AAPL,77289,200203,0.0014,0.0014
AAPL,77289,200204,0.0021,0.0014
AAPL,77289,200301,0.0029,0.0007
AAPL,77289,200302,0.0036,0.0014
AAPL,77289,200303,0.0057,0.005
AAPL,10163,200202,0.0064,0.0064
AAPL,10163,200203,0.0014,0.0021
AAPL,10163,200204,0.0021,0.0021
AAPL,10163,200301,0.0029,0.0014
AAPL,10163,200302,0.0036,0.0014
AAPL,10163,200303,0.0057,0.0043
AAPL,10163,200304,0.0114,0.0129
AAPL,10163,200401,0.01,0.0071
AAPL,10163,200402,0.0121,0.0107
AAPL,10163,200403,0.0193,0.0143
AAPL,10163,200404,0.05,0.03
AAPL,10163,200501,0.0486,0.0343
AAPL,10163,200502,0.0529,0.0486
AAPL,10163,200503,0.0543,0.0529
AAPL,10163,200504,0.0929,0.0843
AAPL,10163,200601,0.0671,0.0557
AAPL,10163,200603,0.0886,0.07
AAPL,10163,200604,0.1629,0.1057
AAPL,10163,200701,0.1243,0.0814
AAPL,10163,200702,0.1314,0.0843
AAPL,70745,200202,0.0064,0.0057
AAPL,70745,200203,0.0014,0.0014
AAPL,70745,200204,0.0021,0.0021
AAPL,70745,200301,0.0029,0.0014
AAPL,70745,200302,0.0036,0.0021
AAPL,70745,200303,0.0057,0.0043
AAPL,70745,200304,0.0114,0.01
AAPL,70745,200401,0.01,0.0064
AAPL,70745,200402,0.0121,0.0107
AAPL,70745,200403,0.0193,0.0136
AAPL,70745,200404,0.05,0.0357
AAPL,70745,200501,0.0486,0.0371
AAPL,70745,200502,0.0529,0.0457
AAPL,70745,200503,0.0543,0.0543
AAPL,70745,200504,0.0929,0.0957
AAPL,70745,200601,0.0671,0.0571
AAPL,70745,200602,0.0771,0.0571
AAPL,70745,200603,0.0886,0.0743
AAPL,70745,200604,0.1629,0.1157
AAPL,70745,200701,0.1243,0.0914
AAPL,70745,200702,0.1314,0.1129
AAPL,70745,200703,0.1443,0.13
AAPL,70745,200704,0.2514,0.2529
AAPL,70745,200801,0.1657,0.1614
AAPL,70745,200904,0.5243,0.3171
AAPL,70745,201001,0.4757,0.3486
AAPL,70745,201002,0.5014,0.49
AAPL,70745,201003,0.6629,0.58
AAPL,70745,201004,0.9186,0.7386
AAPL,70745,201104,1.9814,1.4086
AAPL,70745,201201,1.7571,1.2957
AAPL,78117,200203,0.0014,0.0014
AAPL,78117,200204,0.0021,0.0014
AAPL,78117,200301,0.0029,0.0014
AAPL,78117,200302,0.0036,0.0021
AAPL,78117,200303,0.0057,0.005
AAPL,78117,200304,0.0114,0.01
AAPL,78117,200401,0.01,0.0071
AAPL,78117,200402,0.0121,0.0107
AAPL,78117,200403,0.0193,0.0129
AAPL,78117,200404,0.05,0.0357
AAPL,78117,200501,0.0486,0.0357
AAPL,78117,200502,0.0529,0.0486
AAPL,78117,200503,0.0543,0.0529
AAPL,78117,200504,0.0929,0.0914
AAPL,78117,200601,0.0671,0.0586
AAPL,78117,200602,0.0771,0.0643
AAPL,75007,200204,0.0021,0.0021
AAPL,75007,200301,0.0029,0.0014
AAPL,75007,200302,0.0036,0.0036
AAPL,75007,200303,0.0057,0.005
AAPL,75007,200304,0.0114,0.0114
AAPL,75007,200401,0.01,0.0064
AAPL,75007,200402,0.0121,0.0107
AAPL,75007,200403,0.0193,0.0129
AAPL,75007,200404,0.05,0.0357
AAPL,75007,200501,0.0486,0.0329
AAPL,75007,200502,0.0529,0.0471
AAPL,75007,200503,0.0543,0.0557
AAPL,75007,200504,0.0929,0.0714
AAPL,75007,200901,0.19,0.1643
AAPL,75007,200902,0.1929,0.1729
AAPL,75007,200903,0.26,0.2057
AAPL,75007,200904,0.5243,0.3043
AAPL,75007,201001,0.4757,0.3857
AAPL,75007,201002,0.5014,0.45
AAPL,75007,201003,0.6629,0.6229
AAPL,75007,201004,0.9186,0.8257
AAPL,75007,201101,0.9143,0.8229
AAPL,75007,201102,1.1129,0.85
AAPL,75007,201103,1.0071,1.1186
AAPL,75007,201104,1.9814,1.4657
AAPL,75007,201201,1.7571,1.5357
AAPL,75007,201202,1.3314,1.5471
AAPL,75007,201203,1.2386,1.2614
AAPL,75007,201204,1.9729,2.0386
AAPL,75007,201301,1.4414,1.4329
AAPL,75007,201302,1.0671,1.0629
AAPL,75007,201303,1.18,1.1371
AAPL,75007,201304,2.0714,2.0457
AAPL,75007,201401,1.66,1.4686
AAPL,75007,201402,1.28,1.22
AAPL,75007,201403,1.42,1.31
AAPL,75007,201404,3.06,2.55
AAPL,75007,201501,2.33,2.06
AAPL,75007,201503,1.96,1.9
AAPL,75007,201504,3.28,3.36
AAPL,75007,201601,1.9,2
AAPL,75007,201602,1.42,1.39
AAPL,75007,201604,3.36,3.21
AAPL,91167,200301,0.0029,0.0014
AAPL,91167,200302,0.0036,0.0029
AAPL,91167,200303,0.0057,0.0043
AAPL,91167,200304,0.0114,0.01
AAPL,91167,200401,0.01,0.0071
AAPL,91167,200402,0.0121,0.0107
AAPL,91167,200403,0.0193,0.0121
AAPL,91167,200404,0.05,0.0336
AAPL,91167,200501,0.0486,0.0343
AAPL,91167,200502,0.0529,0.0429
AAPL,91167,200503,0.0543,0.0514
AAPL,91167,200504,0.0929,0.0886
AAPL,91167,200601,0.0671,0.06
AAPL,91167,200602,0.0771,0.0671
AAPL,91167,200603,0.0886,0.0729
AAPL,91167,200604,0.1629,0.1143
AAPL,91167,200701,0.1243,0.0914
AAPL,91167,200702,0.1314,0.1043
AAPL,91167,200703,0.1443,0.1243
AAPL,91167,200704,0.2514,0.23
AAPL,91167,200801,0.1657,0.1529
AAPL,91167,200802,0.17,0.1543
AAPL,91167,200803,0.18,0.16
AAPL,91167,200804,0.2543,0.2057
AAPL,91167,200901,0.19,0.17
AAPL,91167,200902,0.1929,0.1757
AAPL,91167,200903,0.26,0.2143
AAPL,91167,200904,0.5243,0.3043
AAPL,91167,201001,0.4757,0.3314
AAPL,91167,201002,0.5014,0.45
AAPL,91167,201003,0.6629,0.5943
AAPL,91167,201004,0.9186,0.77
AAPL,91167,201101,0.9143,0.7129
AAPL,8065,200304,0.0114,0.0107
AAPL,8065,200401,0.01,0.0071
AAPL,8065,200402,0.0121,0.0107
AAPL,8065,200403,0.0193,0.0136
AAPL,8065,200404,0.05,0.0336
AAPL,8065,200501,0.0486,0.0314
AAPL,8065,200502,0.0529,0.0429
AAPL,8065,200503,0.0543,0.0543
AAPL,8065,201202,1.3314,1.4271
AAPL,8065,201203,1.2386,1.2786
AAPL,8065,201204,1.9729,1.8243
AAPL,8065,201301,1.4414,1.38
AAPL,8065,201302,1.0671,1.0857
AAPL,8065,201303,1.18,1.1429
AAPL,8065,201304,2.0714,2.06
AAPL,8065,201401,1.66,1.4786
AAPL,8065,201402,1.28,1.25
AAPL,8065,201403,1.42,1.32
AAPL,8065,201404,3.06,2.67
AAPL,8065,201501,2.33,2.32
AAPL,8065,201502,1.85,2
AAPL,8065,201503,1.96,2.02
AAPL,8065,201504,3.28,3.18
AAPL,8065,201601,1.9,1.98
AAPL,8065,201602,1.42,1.4
AAPL,8065,201603,1.67,1.61
AAPL,8065,201604,3.36,3.24
AAPL,56181,200304,0.0114,0.0107
AAPL,56181,200401,0.01,0.0071
AAPL,56181,200402,0.0121,0.0107
AAPL,56181,200403,0.0193,0.0129
AAPL,56181,200404,0.05,0.0336
AAPL,56181,200501,0.0486,0.0357
AAPL,56181,200502,0.0529,0.0457
AAPL,56181,200503,0.0543,0.0543
AAPL,56181,200504,0.0929,0.0986
AAPL,56181,200601,0.0671,0.0629
AAPL,56181,200602,0.0771,0.0686
AAPL,56181,200603,0.0886,0.0771
AAPL,56181,200604,0.1629,0.1171
AAPL,56181,200701,0.1243,0.0929
AAPL,56181,200702,0.1314,0.1129
AAPL,56181,200703,0.1443,0.1386
AAPL,56181,200704,0.2514,0.2486
AAPL,56181,200801,0.1657,0.1586
AAPL,56181,200802,0.17,0.1543
AAPL,56181,200803,0.18,0.1671
AAPL,56181,200804,0.2543,0.1943
AAPL,56181,200901,0.19,0.1571
AAPL,56181,200902,0.1929,0.1714
AAPL,56181,200903,0.26,0.2057
AAPL,56181,200904,0.5243,0.2971
AAPL,56181,201001,0.4757,0.3814
AAPL,56181,201002,0.5014,0.4414
AAPL,56181,201003,0.6629,0.6086
AAPL,56181,201004,0.9186,0.81
AAPL,56181,201101,0.9143,0.78
AAPL,56181,201102,1.1129,0.8471
AAPL,56181,201103,1.0071,1.0586
AAPL,56181,201104,1.9814,1.4957
AAPL,56181,201201,1.7571,1.4257
AAPL,56181,201202,1.3314,1.4286
AAPL,56181,201203,1.2386,1.2414
AAPL,56181,201204,1.9729,1.9286
AAPL,56181,201301,1.4414,1.4543
AAPL,56181,201302,1.0671,1.0529
AAPL,56181,201303,1.18,1.1429
AAPL,56181,201304,2.0714,2.0571
AAPL,56181,201401,1.66,1.5157
AAPL,56181,201402,1.28,1.27
AAPL,56181,201403,1.42,1.32
AAPL,56181,201404,3.06,2.79
AAPL,56181,201501,2.33,2.16
AAPL,56181,201502,1.85,1.83
AAPL,56181,201503,1.96,1.93
AAPL,56181,201504,3.28,3.25
AAPL,56181,201601,1.9,2.03
AAPL,56181,201602,1.42,1.41
AAPL,56181,201603,1.67,1.68
AAPL,56181,201604,3.36,3.22
AAPL,70706,200304,0.0114,0.0107
AAPL,70706,200401,0.01,0.0071
AAPL,70706,200402,0.0121,0.0107
AAPL,70706,200403,0.0193,0.015
AAPL,70706,200404,0.05,0.0371
AAPL,70706,200501,0.0486,0.0314
AAPL,70706,200502,0.0529,0.0443
AAPL,70706,200503,0.0543,0.0543
AAPL,70706,200504,0.0929,0.0843
AAPL,70706,200601,0.0671,0.0657
AAPL,70706,200602,0.0771,0.0671
AAPL,70706,200603,0.0886,0.0771
AAPL,70706,200604,0.1629,0.1129
AAPL,70706,200701,0.1243,0.08
AAPL,70706,200703,0.1443,0.1214
AAPL,70706,200704,0.2514,0.2357
AAPL,70706,200801,0.1657,0.1486
AAPL,70706,200802,0.17,0.1457
AAPL,70706,200803,0.18,0.1614
AAPL,70706,200804,0.2543,0.1871
AAPL,70706,200901,0.19,0.15
AAPL,70706,200902,0.1929,0.1671
AAPL,70706,200903,0.26,0.1843
AAPL,70706,200904,0.5243,0.2929
AAPL,70706,201001,0.4757,0.3214
AAPL,70706,201002,0.5014,0.4414
AAPL,70706,201003,0.6629,0.56
AAPL,70706,201004,0.9186,0.75
AAPL,70706,201101,0.9143,0.7514
AAPL,70706,201102,1.1129,0.8314
AAPL,70706,201103,1.0071,1.0514
AAPL,70706,201104,1.9814,1.4029
AAPL,70706,201201,1.7571,1.4157
AAPL,70706,201202,1.3314,1.5014
AAPL,70706,201203,1.2386,1.2629
AAPL,70706,201204,1.9729,1.7986
AAPL,70706,201301,1.4414,1.4014
AAPL,70706,201302,1.0671,1.14
AAPL,70706,201303,1.18,1.13
AAPL,70706,201304,2.0714,1.96
AAPL,70706,201401,1.66,1.4614
AAPL,70706,201402,1.28,1.2386
AAPL,70706,201403,1.42,1.3
AAPL,70706,201404,3.06,2.51
AAPL,70706,201501,2.33,2.15
AAPL,70706,201502,1.85,1.78
AAPL,70706,201503,1.96,1.89
AAPL,70706,201504,3.28,3.26
AAPL,72446,200304,0.0114,0.01
AAPL,72446,200401,0.01,0.0064
AAPL,72446,200402,0.0121,0.01
AAPL,72446,200403,0.0193,0.0136
AAPL,72446,200404,0.05,0.035
AAPL,72446,200501,0.0486,0.0371
AAPL,72446,200502,0.0529,0.0457
AAPL,72446,200503,0.0543,0.0557
AAPL,72446,200504,0.0929,0.0929
AAPL,72446,200601,0.0671,0.06
AAPL,72446,200602,0.0771,0.0629
AAPL,72446,200603,0.0886,0.0729
AAPL,72446,200604,0.1629,0.1171
AAPL,72446,200701,0.1243,0.0943
AAPL,72446,200702,0.1314,0.1057
AAPL,72446,200703,0.1443,0.1229
AAPL,72446,200704,0.2514,0.2314
AAPL,72446,200801,0.1657,0.15
AAPL,72446,200803,0.18,0.16
AAPL,72446,200804,0.2543,0.1943
AAPL,72446,200901,0.19,0.1557
AAPL,72446,200902,0.1929,0.1614
AAPL,72446,200903,0.26,0.2029
AAPL,72446,200904,0.5243,0.2943
AAPL,72446,201001,0.4757,0.3671
AAPL,72446,201002,0.5014,0.4
AAPL,72446,201004,0.9186,0.7729
AAPL,72446,201101,0.9143,0.7671
AAPL,72446,201102,1.1129,0.8243
AAPL,72446,201103,1.0071,1.0429
AAPL,72446,201104,1.9814,1.42
AAPL,72446,201201,1.7571,1.4543
AAPL,72446,201202,1.3314,1.4257
AAPL,72446,201203,1.2386,1.2229
AAPL,72446,201204,1.9729,1.7971
AAPL,72446,201301,1.4414,1.4171
AAPL,72446,201302,1.0671,1.0243
AAPL,72446,201303,1.18,1.1329
AAPL,72446,201304,2.0714,2.0414
AAPL,72446,201401,1.66,1.4886
AAPL,72446,201402,1.28,1.2043
AAPL,72446,201403,1.42,1.28
AAPL,72446,201404,3.06,2.52
AAPL,72446,201501,2.33,2.13
AAPL,72446,201502,1.85,1.8
AAPL,72446,201503,1.96,1.83
AAPL,77073,200401,0.01,0.0071
AAPL,77073,200402,0.0121,0.01
AAPL,77073,200403,0.0193,0.0114
AAPL,77073,200404,0.05,0.0193
AAPL,10362,200402,0.0121,0.0114
AAPL,10362,200403,0.0193,0.0129
AAPL,10362,200404,0.05,0.0329
AAPL,10362,200501,0.0486,0.0343
AAPL,10362,200502,0.0529,0.0429
AAPL,10362,200503,0.0543,0.0514
AAPL,10362,200504,0.0929,0.0743
AAPL,10362,200601,0.0671,0.0614
AAPL,10362,200602,0.0771,0.0614
AAPL,10362,200603,0.0886,0.0714
AAPL,10362,200604,0.1629,0.1057
AAPL,10362,200701,0.1243,0.0843
AAPL,10362,200702,0.1314,0.0957
AAPL,59325,200402,0.0121,0.0107
AAPL,59325,200403,0.0193,0.0121
AAPL,59325,200404,0.05,0.0329
AAPL,59325,200501,0.0486,0.03
AAPL,59325,200502,0.0529,0.0443
AAPL,59325,200503,0.0543,0.0543
AAPL,59325,200504,0.0929,0.0871
AAPL,59325,200601,0.0671,0.0671
AAPL,59325,200602,0.0771,0.0629
AAPL,59325,200603,0.0886,0.0714
AAPL,59325,200604,0.1629,0.1043
AAPL,59325,200701,0.1243,0.0786
AAPL,59325,200702,0.1314,0.0943
AAPL,59325,200703,0.1443,0.1029
AAPL,59325,200704,0.2514,0.2143
AAPL,59325,200801,0.1657,0.1529
AAPL,59325,200802,0.17,0.1443
AAPL,59325,200803,0.18,0.1671
AAPL,59325,200804,0.2543,0.1886
AAPL,59325,200901,0.19,0.14
AAPL,59325,200902,0.1929,0.1457
AAPL,59325,200903,0.26,0.1957
AAPL,59325,200904,0.5243,0.2857
AAPL,59325,201001,0.4757,0.35
AAPL,59325,201002,0.5014,0.4271
AAPL,59325,201003,0.6629,0.5529
AAPL,59325,201004,0.9186,0.7257
AAPL,59325,201101,0.9143,0.73
AAPL,59325,201102,1.1129,0.7871
AAPL,59325,201103,1.0071,1.0129
AAPL,59325,201104,1.9814,1.5
AAPL,59325,201201,1.7571,1.4743
AAPL,59325,201202,1.3314,1.4557
AAPL,59325,201203,1.2386,1.1971
AAPL,59325,201204,1.9729,1.9614
AAPL,59325,201301,1.4414,1.3414
AAPL,59325,201302,1.0671,1.0143
AAPL,59325,201303,1.18,1.1071
AAPL,59325,201304,2.0714,1.9886
AAPL,59325,201401,1.66,1.4629
AAPL,59325,201402,1.28,1.2314
AAPL,59325,201403,1.42,1.28
AAPL,59325,201404,3.06,2.57
AAPL,59325,201501,2.33,2.08
AAPL,59325,201502,1.85,1.73
AAPL,59325,201503,1.96,1.9
AAPL,59325,201504,3.28,3.27
AAPL,59325,201601,1.9,2.01
AAPL,59325,201602,1.42,1.4
AAPL,59325,201603,1.67,1.65
AAPL,59325,201604,3.36,3.21
AAPL,1924,200403,0.0193,0.0143
AAPL,1924,200404,0.05,0.0343
AAPL,1924,200501,0.0486,0.0414
AAPL,1924,200502,0.0529,0.0429
AAPL,1924,200503,0.0543,0.0529
AAPL,1924,200504,0.0929,0.0829
AAPL,1924,200601,0.0671,0.06
AAPL,1924,200602,0.0771,0.0614
AAPL,1924,200603,0.0886,0.0657
AAPL,1924,200604,0.1629,0.1
AAPL,1924,200701,0.1243,0.0957
AAPL,1924,200702,0.1314,0.1
AAPL,1924,200703,0.1443,0.1314
AAPL,1924,200704,0.2514,0.2014
AAPL,85160,200403,0.0193,0.0121
AAPL,85160,200404,0.05,0.0393
AAPL,85160,200501,0.0486,0.0357
AAPL,85160,200502,0.0529,0.0443
AAPL,85160,200503,0.0543,0.0486
AAPL,85160,200504,0.0929,0.09
AAPL,85160,200601,0.0671,0.0629
AAPL,85160,200602,0.0771,0.0586
AAPL,85160,200603,0.0886,0.0743
AAPL,85160,200604,0.1629,0.1171
AAPL,85160,200701,0.1243,0.0857
AAPL,85160,200702,0.1314,0.1057
AAPL,85160,200703,0.1443,0.1243
AAPL,85160,200704,0.2514,0.2214
AAPL,85160,200801,0.1657,0.1357
AAPL,70850,200404,0.05,0.035
AAPL,70850,200501,0.0486,0.0357
AAPL,70850,200502,0.0529,0.0486
AAPL,70850,200503,0.0543,0.0614
AAPL,70850,200504,0.0929,0.0857
AAPL,70850,200601,0.0671,0.0614
AAPL,70850,200602,0.0771,0.06
AAPL,70850,200603,0.0886,0.07
AAPL,70850,200604,0.1629,0.1129
AAPL,70850,200701,0.1243,0.09
AAPL,70850,200702,0.1314,0.1043
AAPL,70850,200703,0.1443,0.1186
AAPL,70850,200704,0.2514,0.2329
AAPL,70850,200801,0.1657,0.1571
AAPL,70850,200802,0.17,0.1571
AAPL,70850,200803,0.18,0.17
AAPL,70850,200804,0.2543,0.27
AAPL,70850,200901,0.19,0.1614
AAPL,70850,200902,0.1929,0.1729
AAPL,70850,200903,0.26,0.2014
AAPL,70850,200904,0.5243,0.3071
AAPL,70850,201001,0.4757,0.3571
AAPL,70850,201002,0.5014,0.4429
AAPL,70850,201003,0.6629,0.5886
AAPL,70850,201004,0.9186,0.7657
AAPL,70850,201101,0.9143,0.7143
AAPL,70850,201102,1.1129,0.85
AAPL,70850,201103,1.0071,1.0671
AAPL,70850,201104,1.9814,1.4771
AAPL,70850,201201,1.7571,1.4571
AAPL,70850,201202,1.3314,1.4929
AAPL,70850,201203,1.2386,1.2686
AAPL,70850,201204,1.9729,1.9571
AAPL,70850,201301,1.4414,1.4286
AAPL,70850,201302,1.0671,1.39
AAPL,1032,200501,0.0486,0.0329
AAPL,1032,200502,0.0529,0.04
AAPL,1032,200503,0.0543,0.05
AAPL,1032,200504,0.0929,0.0914
AAPL,1032,200601,0.0671,0.0671
AAPL,1032,200602,0.0771,0.0614
AAPL,53315,200503,0.0543,0.0514
AAPL,53315,200504,0.0929,0.0829
AAPL,53315,200601,0.0671,0.0629
AAPL,53315,200602,0.0771,0.0643
AAPL,53315,200603,0.0886,0.0714
AAPL,53315,200604,0.1629,0.1114
AAPL,53315,200701,0.1243,0.0957
AAPL,53315,200702,0.1314,0.0986
AAPL,53315,200703,0.1443,0.1214
AAPL,53315,200704,0.2514,0.2114
AAPL,53315,200801,0.1657,0.1429
AAPL,53315,200802,0.17,0.1514
AAPL,53315,200803,0.18,0.1571
AAPL,53315,200804,0.2543,0.2143
AAPL,53315,200901,0.19,0.1614
AAPL,53315,200902,0.1929,0.1571
AAPL,53315,200903,0.26,0.2
AAPL,53315,200904,0.5243,0.3
AAPL,53315,201001,0.4757,0.3571
AAPL,53315,201002,0.5014,0.4571
AAPL,53315,201003,0.6629,0.5857
AAPL,53315,201004,0.9186,0.8
AAPL,53315,201101,0.9143,0.7471
AAPL,53315,201102,1.1129,0.8571
AAPL,53315,201103,1.0071,1.0857
AAPL,53315,201104,1.9814,1.4286
AAPL,53315,201201,1.7571,1.2857
AAPL,53315,201202,1.3314,1.45
AAPL,53315,201203,1.2386,1.3
AAPL,53315,201204,1.9729,1.7929
AAPL,53315,201301,1.4414,1.4071
AAPL,53315,201302,1.0671,1
AAPL,53315,201303,1.18,1.1457
AAPL,53315,201304,2.0714,2.01
AAPL,53315,201401,1.66,1.5529
AAPL,108616,200503,0.0543,0.0529
AAPL,108616,200504,0.0929,0.0886
AAPL,108616,200601,0.0671,0.0714
AAPL,108616,200602,0.0771,0.0614
AAPL,108616,200603,0.0886,0.0729
AAPL,108616,200604,0.1629,0.1157
AAPL,108616,200701,0.1243,0.0971
AAPL,108616,200702,0.1314,0.0971
AAPL,108616,200703,0.1443,0.0986
AAPL,111945,200503,0.0543,0.0514
AAPL,111945,200504,0.0929,0.0929
AAPL,111945,200601,0.0671,0.07
AAPL,111945,200602,0.0771,0.0671
AAPL,111945,200603,0.0886,0.0714
AAPL,111945,200604,0.1629,0.11
AAPL,89770,200601,0.0671,0.06
AAPL,89770,200602,0.0771,0.0657
AAPL,89770,200603,0.0886,0.0729
AAPL,89770,200604,0.1629,0.1071
AAPL,89770,200701,0.1243,0.0857
AAPL,89770,200702,0.1314,0.0986
AAPL,89770,200703,0.1443,0.1214
AAPL,89770,200704,0.2514,0.2029
AAPL,89770,200801,0.1657,0.1343
AAPL,89770,200802,0.17,0.1414
AAPL,89770,200803,0.18,0.1629
AAPL,89770,200804,0.2543,0.1743
AAPL,89770,200901,0.19,0.1443
AAPL,106992,200601,0.0671,0.0614
AAPL,106992,200602,0.0771,0.0629
AAPL,106992,200603,0.0886,0.08
AAPL,106992,200604,0.1629,0.1057
AAPL,106992,200701,0.1243,0.0943
AAPL,106992,200702,0.1314,0.0986
AAPL,106992,200703,0.1443,0.1157
AAPL,89265,200602,0.0771,0.0629
AAPL,89265,200603,0.0886,0.07
AAPL,89265,200604,0.1629,0.1143
AAPL,89265,200701,0.1243,0.0843
AAPL,89265,200702,0.1314,0.1086
AAPL,89265,200703,0.1443,0.1129
AAPL,89265,200704,0.2514,0.2114
AAPL,89265,200801,0.1657,0.1686
AAPL,89265,200802,0.17,0.1671
AAPL,89265,200803,0.18,0.1743
AAPL,114594,200603,0.0886,0.0686
AAPL,114594,200604,0.1629,0.1114
AAPL,114594,200701,0.1243,0.0929
AAPL,114594,200702,0.1314,0.11
AAPL,114594,200703,0.1443,0.1343
AAPL,114594,200704,0.2514,0.22
AAPL,117580,200603,0.0886,0.0786
AAPL,117580,200604,0.1629,0.1086
AAPL,117580,200701,0.1243,0.0971
AAPL,117580,200702,0.1314,0.1129
AAPL,58063,200604,0.1629,0.1114
AAPL,58063,200701,0.1243,0.1014
AAPL,58063,200702,0.1314,0.1057
AAPL,58063,200703,0.1443,0.14
AAPL,58063,200704,0.2514,0.2386
AAPL,58063,200801,0.1657,0.16
AAPL,58063,200802,0.17,0.1571
AAPL,58063,200803,0.18,0.1671
AAPL,58063,200804,0.2543,0.2071
AAPL,58063,200901,0.19,0.1671
AAPL,58063,201102,1.1129,0.8743
AAPL,58063,201103,1.0071,1.1457
AAPL,58063,201104,1.9814,1.4129
AAPL,58063,201201,1.7571,1.3843
AAPL,58063,201202,1.3314,1.4357
AAPL,58063,201203,1.2386,1.3
AAPL,58063,201204,1.9729,1.8
AAPL,58063,201301,1.4414,1.4243
AAPL,58063,201302,1.0671,1.0771
AAPL,58063,201303,1.18,1.1957
AAPL,58063,201304,2.0714,2.01
AAPL,58063,201401,1.66,1.4657
AAPL,58063,201402,1.28,1.2271
AAPL,58063,201403,1.42,1.31
AAPL,58063,201404,3.06,2.61
AAPL,58063,201501,2.33,2.19
AAPL,58063,201502,1.85,1.72
AAPL,58063,201503,1.96,1.9
AAPL,58063,201504,3.28,3.36
AAPL,58063,201601,1.9,1.97
AAPL,58063,201602,1.42,1.35
AAPL,58063,201603,1.67,1.65
AAPL,58063,201604,3.36,3.22
AAPL,58377,200604,0.1629,0.1143
AAPL,58377,200701,0.1243,0.1043
AAPL,58377,200702,0.1314,0.0971
AAPL,58377,200703,0.1443,0.1271
AAPL,58377,200704,0.2514,0.2429
AAPL,58377,200801,0.1657,0.1614
AAPL,58377,200802,0.17,0.16
AAPL,58377,200803,0.18,0.1629
AAPL,58377,200804,0.2543,0.21
AAPL,58377,200901,0.19,0.1686
AAPL,58377,200902,0.1929,0.1771
AAPL,58377,200903,0.26,0.21
AAPL,58377,200904,0.5243,0.32
AAPL,58377,201001,0.4757,0.37
AAPL,58377,201002,0.5014,0.4371
AAPL,58377,201003,0.6629,0.6043
AAPL,58377,201004,0.9186,0.7943
AAPL,58377,201101,0.9143,0.8414
AAPL,58377,201102,1.1129,0.8514
AAPL,58377,201103,1.0071,1.1086
AAPL,58377,201104,1.9814,1.51
AAPL,58377,201201,1.7571,1.4914
AAPL,58377,201202,1.3314,1.4629
AAPL,58377,201203,1.2386,1.2271
AAPL,58377,201204,1.9729,2.0714
AAPL,58377,201301,1.4414,1.4314
AAPL,58377,201302,1.0671,1.03
AAPL,58377,201303,1.18,1.1386
AAPL,58377,201304,2.0714,2.1214
AAPL,58377,201401,1.66,1.4914
AAPL,58377,201402,1.28,1.2414
AAPL,58377,201403,1.42,1.3
AAPL,58377,201404,3.06,2.54
AAPL,58377,201501,2.33,2.17
AAPL,58377,201502,1.85,1.81
AAPL,58377,201503,1.96,1.87
AAPL,58377,201504,3.28,3.18
AAPL,58377,201601,1.9,1.98
AAPL,58377,201602,1.42,1.42
AAPL,58377,201603,1.67,1.63
AAPL,58377,201604,3.36,3.23
AAPL,86702,200701,0.1243,0.0871
AAPL,86702,200702,0.1314,0.0986
AAPL,86702,200703,0.1443,0.1171
AAPL,86702,200704,0.2514,0.2357
AAPL,86702,200801,0.1657,0.1571
AAPL,86702,200802,0.17,0.1529
AAPL,86702,200803,0.18,0.15
AAPL,86702,200804,0.2543,0.1914
AAPL,86702,200901,0.19,0.1557
AAPL,86702,200902,0.1929,0.1657
AAPL,86702,200903,0.26,0.1971
AAPL,86702,200904,0.5243,0.2857
AAPL,86702,201001,0.4757,0.3429
AAPL,86702,201002,0.5014,0.4143
AAPL,86702,201003,0.6629,0.5814
AAPL,86702,201004,0.9186,0.75
AAPL,86702,201101,0.9143,0.7629
AAPL,86702,201102,1.1129,0.7814
AAPL,86702,201103,1.0071,0.9
AAPL,86702,201104,1.9814,1.3829
AAPL,86702,201201,1.7571,1.3757
AAPL,86702,201202,1.3314,1.35
AAPL,86702,201203,1.2386,1.1843
AAPL,86702,201204,1.9729,1.8229
AAPL,86702,201301,1.4414,1.37
AAPL,86702,201302,1.0671,1.0314
AAPL,86702,201303,1.18,1.1429
AAPL,86702,201304,2.0714,2.0014
AAPL,86702,201401,1.66,1.4514
AAPL,86702,201402,1.28,1.24
AAPL,86702,201403,1.42,1.25
AAPL,86702,201404,3.06,2.5
AAPL,86702,201501,2.33,2.07
AAPL,86702,201502,1.85,1.82
AAPL,86702,201503,1.96,1.87
AAPL,86702,201504,3.28,3.25
AAPL,86702,201601,1.9,2.03
AAPL,86702,201602,1.42,1.39
AAPL,86702,201603,1.67,1.69
AAPL,86702,201604,3.36,3.2
AAPL,118437,200701,0.1243,0.09
AAPL,118437,200702,0.1314,0.1
AAPL,118437,200703,0.1443,0.1071
AAPL,118437,200704,0.2514,0.2329
AAPL,118437,200801,0.1657,0.1403
AAPL,118437,200802,0.17,0.1464
AAPL,118437,200803,0.18,0.1499
AAPL,81452,200702,0.1314,0.11
AAPL,81452,200703,0.1443,0.1257
AAPL,81452,200704,0.2514,0.2343
AAPL,81452,200801,0.1657,0.1586
AAPL,81452,200802,0.17,0.1614
AAPL,81452,200803,0.18,0.1643
AAPL,81452,200804,0.2543,0.2114
AAPL,81452,200901,0.19,0.1571
AAPL,81452,200902,0.1929,0.1614
AAPL,81452,200903,0.26,0.2086
AAPL,81452,200904,0.5243,0.3057
AAPL,81452,201001,0.4757,0.3614
AAPL,81452,201002,0.5014,0.4571
AAPL,81452,201003,0.6629,0.64
AAPL,81452,201004,0.9186,0.8143
AAPL,81452,201101,0.9143,0.8214
AAPL,81452,201102,1.1129,0.9286
AAPL,81452,201103,1.0071,1.0957
AAPL,81452,201104,1.9814,1.5714
AAPL,81452,201201,1.7571,1.4557
AAPL,89549,200702,0.1314,0.1043
AAPL,89549,200703,0.1443,0.12
AAPL,89549,200803,0.18,0.1571
AAPL,89549,200804,0.2543,0.19
AAPL,89549,200901,0.19,0.1443
AAPL,89549,200902,0.1929,0.1714
AAPL,89549,200903,0.26,0.1771
AAPL,89549,200904,0.5243,0.29
AAPL,89549,201001,0.4757,0.3214
AAPL,89549,201002,0.5014,0.3786
AAPL,89549,201003,0.6629,0.5857
AAPL,89549,201004,0.9186,0.7086
AAPL,89549,201101,0.9143,0.7371
AAPL,89549,201102,1.1129,0.83
AAPL,89549,201103,1.0071,0.92
AAPL,113333,200702,0.1314,0.0971
AAPL,113333,200703,0.1443,0.13
AAPL,113333,200704,0.2514,0.2457
AAPL,113333,200801,0.1657,0.1514
AAPL,113333,200802,0.17,0.1529
AAPL,113333,200803,0.18,0.17
AAPL,113333,200804,0.2543,0.2157
AAPL,113333,200901,0.19,0.1714
AAPL,113333,200902,0.1929,0.17
AAPL,113333,200903,0.26,0.2129
AAPL,113333,200904,0.5243,0.3071
AAPL,113333,201001,0.4757,0.3429
AAPL,113333,201002,0.5014,0.4314
AAPL,113333,201003,0.6629,0.6243
AAPL,113333,201004,0.9186,0.8071
AAPL,113333,201101,0.9143,0.8014
AAPL,113333,201102,1.1129,0.8671
AAPL,113333,201103,1.0071,1.0657
AAPL,113333,201104,1.9814,1.4171
AAPL,113333,201201,1.7571,1.6857
AAPL,113333,201202,1.3314,1.3971
AAPL,113333,201203,1.2386,1.3643
AAPL,113333,201204,1.9729,2.0929
AAPL,113333,201301,1.4414,1.3714
AAPL,113333,201302,1.0671,1.0157
AAPL,113333,201303,1.18,1.1186
AAPL,113333,201304,2.0714,1.9914
AAPL,113333,201401,1.66,1.46
AAPL,113333,201402,1.28,1.31
AAPL,113333,201403,1.42,1.31
AAPL,113333,201404,3.06,2.61
AAPL,113333,201501,2.33,2.17
AAPL,113333,201502,1.85,2.05
AAPL,113333,201503,1.96,1.92
AAPL,113333,201504,3.28,3.14
AAPL,113333,201601,1.9,1.88
AAPL,113333,201602,1.42,1.39
AAPL,113333,201603,1.67,1.69
AAPL,113333,201604,3.36,3.19
AAPL,44121,200703,0.1443,0.1243
AAPL,44121,200704,0.2514,0.2286
AAPL,44121,200801,0.1657,0.1657
AAPL,44121,200802,0.17,0.1571
AAPL,44121,200803,0.18,0.1629
AAPL,44121,200804,0.2543,0.2114
AAPL,44121,200901,0.19,0.1614
AAPL,44121,200902,0.1929,0.1614
AAPL,44121,200903,0.26,0.21
AAPL,44121,200904,0.5243,0.3243
AAPL,44121,201001,0.4757,0.3643
AAPL,44121,201002,0.5014,0.4886
AAPL,44121,201003,0.6629,0.5871
AAPL,44121,201004,0.9186,0.7914
AAPL,44121,201101,0.9143,0.8229
AAPL,44121,201102,1.1129,0.8929
AAPL,44121,201103,1.0071,1.1
AAPL,44121,201104,1.9814,1.5314
AAPL,44121,201201,1.7571,1.5686
AAPL,44121,201202,1.3314,1.4571
AAPL,44121,201203,1.2386,1.3571
AAPL,44121,201204,1.9729,1.9571
AAPL,44121,201301,1.4414,1.4143
AAPL,44121,201302,1.0671,1.05
AAPL,44121,201303,1.18,1.1129
AAPL,44121,201304,2.0714,2.0357
AAPL,44121,201401,1.66,1.5271
AAPL,44121,201402,1.28,1.26
AAPL,44121,201403,1.42,1.3257
AAPL,72069,200703,0.1443,0.1157
AAPL,72069,200704,0.2514,0.25
AAPL,72069,200801,0.1657,0.1571
AAPL,72069,200802,0.17,0.1571
AAPL,72069,200803,0.18,0.1643
AAPL,72069,200804,0.2543,0.2071
AAPL,72069,200901,0.19,0.1557
AAPL,72069,200902,0.1929,0.1714
AAPL,72069,200903,0.26,0.2186
AAPL,72069,200904,0.5243,0.3129
AAPL,72069,201001,0.4757,0.3371
AAPL,72069,201002,0.5014,0.4214
AAPL,72069,201003,0.6629,0.5757
AAPL,72069,201004,0.9186,0.86
AAPL,72069,201101,0.9143,0.8171
AAPL,72069,201102,1.1129,0.8514
AAPL,72069,201103,1.0071,1.0429
AAPL,72069,201104,1.9814,1.4429
AAPL,72069,201201,1.7571,1.5157
AAPL,72069,201202,1.3314,1.4386
AAPL,72069,201203,1.2386,1.2757
AAPL,72069,201204,1.9729,1.9729
AAPL,72069,201301,1.4414,1.46
AAPL,72069,201302,1.0671,1.1271
AAPL,72069,201303,1.18,1.15
AAPL,72069,201304,2.0714,2.1771
AAPL,72069,201401,1.66,1.4457
AAPL,72069,201402,1.28,1.2071
AAPL,72069,201403,1.42,1.24
AAPL,72069,201404,3.06,2.54
AAPL,72069,201501,2.33,2.15
AAPL,72069,201502,1.85,1.84
AAPL,72069,201503,1.96,1.84
AAPL,72069,201504,3.28,3.18
AAPL,72069,201601,1.9,1.96
AAPL,72069,201602,1.42,1.39
AAPL,72069,201603,1.67,1.63
AAPL,72069,201604,3.36,3.21
AAPL,114029,200703,0.1443,0.1029
AAPL,114029,200704,0.2514,0.2343
AAPL,114029,200801,0.1657,0.1486
AAPL,114029,200802,0.17,0.1529
AAPL,71466,200704,0.2514,0.2086
AAPL,71466,200801,0.1657,0.1386
AAPL,71466,200802,0.17,0.1557
AAPL,71466,200803,0.18,0.1471
AAPL,71466,200804,0.2543,0.1929
AAPL,71466,200901,0.19,0.1486
AAPL,71466,200902,0.1929,0.1671
AAPL,71466,200903,0.26,0.19
AAPL,71466,200904,0.5243,0.2771
AAPL,71466,201001,0.4757,0.34
AAPL,71466,201002,0.5014,0.4514
AAPL,71466,201003,0.6629,0.5457
AAPL,71466,201004,0.9186,0.7943
AAPL,71466,201101,0.9143,0.7071
AAPL,71466,201102,1.1129,0.7586
AAPL,71466,201103,1.0071,1.0086
AAPL,71466,201104,1.9814,1.3586
AAPL,71466,201201,1.7571,1.3543
AAPL,71466,201202,1.3314,1.3929
AAPL,71466,201203,1.2386,1.1543
AAPL,71466,201204,1.9729,1.7429
AAPL,71466,201301,1.4414,1.4214
AAPL,71466,201302,1.0671,1.1057
AAPL,71466,201303,1.18,1.13
AAPL,71466,201304,2.0714,1.9386
AAPL,106330,200801,0.1657,0.1557
AAPL,106330,200802,0.17,0.1543
AAPL,106330,200803,0.18,0.1514
AAPL,106330,200804,0.2543,0.1957
AAPL,106330,200901,0.19,0.1443
AAPL,106330,200902,0.1929,0.1757
AAPL,106330,200903,0.26,0.2071
AAPL,106330,200904,0.5243,0.2957
AAPL,106330,201001,0.4757,0.3614
AAPL,106330,201002,0.5014,0.4443
AAPL,106330,201003,0.6629,0.6
AAPL,106330,201004,0.9186,0.7686
AAPL,106330,201101,0.9143,0.77
AAPL,106330,201102,1.1129,0.94
AAPL,106330,201103,1.0071,0.9871
AAPL,106330,201201,1.7571,1.5429
AAPL,106330,201202,1.3314,1.4571
AAPL,106330,201203,1.2386,1.2286
AAPL,106330,201204,1.9729,1.8586
AAPL,106330,201301,1.4414,1.5114
AAPL,106330,201302,1.0671,1.0871
AAPL,106330,201303,1.18,1.0771
AAPL,106330,201304,2.0714,1.9271
AAPL,106330,201401,1.66,1.4086
AAPL,106330,201503,1.96,1.93
AAPL,106330,201504,3.28,3.25
AAPL,106330,201601,1.9,1.98
AAPL,106330,201602,1.42,1.34
AAPL,106330,201603,1.67,1.61
AAPL,106330,201604,3.36,3.2
AAPL,107105,200801,0.1657,0.15
AAPL,107105,200802,0.17,0.1514
AAPL,107105,200803,0.18,0.15
AAPL,107105,200804,0.2543,0.2057
AAPL,107105,200901,0.19,0.1543
AAPL,107105,200902,0.1929,0.1657
AAPL,107105,200903,0.26,0.1957
AAPL,107105,200904,0.5243,0.2971
AAPL,107105,201001,0.4757,0.35
AAPL,107105,201002,0.5014,0.44
AAPL,107105,201003,0.6629,0.5929
AAPL,107105,201004,0.9186,0.7529
AAPL,107105,201101,0.9143,0.7386
AAPL,108873,200801,0.1657,0.15
AAPL,108873,200802,0.17,0.1486
AAPL,108873,200803,0.18,0.1557
AAPL,108873,200804,0.2543,0.1929
AAPL,108873,201203,1.2386,1.22
AAPL,108873,201204,1.9729,1.9286
AAPL,108873,201301,1.4414,1.4214
AAPL,108873,201302,1.0671,1.0257
AAPL,108873,201303,1.18,1.1629
AAPL,108873,201304,2.0714,2.0357
AAPL,108873,201401,1.66,1.4543
AAPL,108873,201402,1.28,1.23
AAPL,108873,201403,1.42,1.38
AAPL,108873,201404,3.06,2.44
AAPL,108873,201501,2.33,2.13
AAPL,108873,201502,1.85,1.84
AAPL,108873,201503,1.96,1.85
AAPL,108873,201504,3.28,3.27
AAPL,108873,201601,1.9,2.1
AAPL,125796,200801,0.1657,0.1671
AAPL,125796,200802,0.17,0.1671
AAPL,125796,200803,0.18,0.1657
AAPL,125796,200804,0.2543,0.2043
AAPL,125796,200901,0.19,0.1557
AAPL,125796,200902,0.1929,0.1757
AAPL,125796,200903,0.26,0.2071
AAPL,125796,200904,0.5243,0.3171
AAPL,125796,201001,0.4757,0.3886
AAPL,125796,201002,0.5014,0.4686
AAPL,125796,201003,0.6629,0.6186
AAPL,125796,201004,0.9186,0.79
AAPL,125796,201101,0.9143,0.8314
AAPL,125796,201102,1.1129,0.86
AAPL,125796,201103,1.0071,1.0986
AAPL,125796,201104,1.9814,1.6086
AAPL,125796,201201,1.7571,1.53
AAPL,125796,201202,1.3314,1.5957
AAPL,125796,201203,1.2386,1.3829
AAPL,125796,201204,1.9729,1.9443
AAPL,125796,201301,1.4414,1.4529
AAPL,125796,201302,1.0671,1.0457
AAPL,125796,201303,1.18,1.1371
AAPL,125796,201304,2.0714,2.0414
AAPL,125796,201401,1.66,1.4657
AAPL,125796,201402,1.28,1.2286
AAPL,125796,201403,1.42,1.29
AAPL,125796,201404,3.06,2.57
AAPL,125796,201501,2.33,2.11
AAPL,125796,201502,1.85,1.73
AAPL,125796,201503,1.96,1.87
AAPL,125796,201504,3.28,3.23
AAPL,125796,201601,1.9,2.04
AAPL,125796,201602,1.42,1.39
AAPL,125796,201603,1.67,1.65
AAPL,125796,201604,3.36,3.22
AAPL,104889,200802,0.17,0.1543
AAPL,104889,200803,0.18,0.1357
AAPL,104889,200804,0.2543,0.1671
AAPL,104889,200901,0.19,0.1671
AAPL,104889,200902,0.1929,0.1871
AAPL,104889,200903,0.26,0.1971
AAPL,104889,200904,0.5243,0.3329
AAPL,104889,201001,0.4757,0.2757
AAPL,104889,201002,0.5014,0.4957
AAPL,104889,201003,0.6629,0.6043
AAPL,104889,201004,0.9186,0.76
AAPL,104889,201101,0.9143,0.7743
AAPL,114544,200802,0.17,0.1514
AAPL,114544,200803,0.18,0.1586
AAPL,114544,200804,0.2543,0.1986
AAPL,114544,200901,0.19,0.1457
AAPL,114544,200902,0.1929,0.1686
AAPL,114544,200903,0.26,0.2143
AAPL,114544,200904,0.5243,0.31
AAPL,114544,201001,0.4757,0.3629
AAPL,114544,201002,0.5014,0.4743
AAPL,114544,201003,0.6629,0.63
AAPL,114544,201004,0.9186,0.8029
AAPL,114544,201101,0.9143,0.74
AAPL,114544,201102,1.1129,0.85
AAPL,56419,200803,0.18,0.1586
AAPL,56419,200804,0.2543,0.2057
AAPL,56419,200901,0.19,0.1514
AAPL,56419,200902,0.1929,0.1714
AAPL,56419,200903,0.26,0.2071
AAPL,56419,200904,0.5243,0.3029
AAPL,56419,201001,0.4757,0.3657
AAPL,56419,201002,0.5014,0.43
AAPL,56419,201003,0.6629,0.5714
AAPL,56419,201004,0.9186,0.7714
AAPL,56419,201101,0.9143,0.7771
AAPL,56419,201102,1.1129,0.84
AAPL,56419,201103,1.0071,1.0829
AAPL,56419,201104,1.9814,1.4143
AAPL,56419,201201,1.7571,1.5643
AAPL,56419,201202,1.3314,1.5486
AAPL,56419,201203,1.2386,1.2771
AAPL,56419,201204,1.9729,1.9529
AAPL,56419,201301,1.4414,1.5743
AAPL,56419,201302,1.0671,1.05
AAPL,56419,201303,1.18,1.1371
AAPL,56419,201304,2.0714,2.07
AAPL,56419,201401,1.66,1.5014
AAPL,56419,201402,1.28,1.2729
AAPL,56419,201403,1.42,1.32
AAPL,56419,201404,3.06,2.77
AAPL,56419,201501,2.33,2.21
AAPL,56419,201502,1.85,1.85
AAPL,56419,201503,1.96,1.95
AAPL,56419,201504,3.28,3.32
AAPL,56419,201601,1.9,2.01
AAPL,56419,201602,1.42,1.44
AAPL,56419,201603,1.67,1.71
AAPL,56419,201604,3.36,3.28
AAPL,76101,200803,0.18,0.1614
AAPL,76101,200804,0.2543,0.1957
AAPL,76101,200901,0.19,0.1543
AAPL,76101,200902,0.1929,0.1529
AAPL,76101,200903,0.26,0.1929
AAPL,76101,200904,0.5243,0.2986
AAPL,76101,201001,0.4757,0.34
AAPL,76101,201002,0.5014,0.4643
AAPL,112568,200803,0.18,0.1529
AAPL,112568,200804,0.2543,0.2171
AAPL,112568,200901,0.19,0.1543
AAPL,112568,200902,0.1929,0.16
AAPL,112568,200903,0.26,0.1886
AAPL,112568,201001,0.4757,0.33
AAPL,112568,201003,0.6629,0.49
AAPL,112568,201004,0.9186,0.7171
AAPL,112568,201101,0.9143,0.7329
AAPL,21096,200804,0.2543,0.1786
AAPL,21096,200901,0.19,0.1557
AAPL,21096,200902,0.1929,0.1729
AAPL,21096,200903,0.26,0.2086
AAPL,21096,201001,0.4757,0.3314
AAPL,21096,201002,0.5014,0.4243
AAPL,21096,201003,0.6629,0.5814
AAPL,21096,201004,0.9186,0.7429
AAPL,21096,201101,0.9143,0.7286
AAPL,21096,201102,1.1129,0.7671
AAPL,21096,201103,1.0071,1.0043
AAPL,21096,201104,1.9814,1.3129
AAPL,72029,200804,0.2543,0.1914
AAPL,72029,200901,0.19,0.1457
AAPL,72029,200902,0.1929,0.18
AAPL,72029,200903,0.26,0.2029
AAPL,72029,200904,0.5243,0.29
AAPL,72029,201001,0.4757,0.3457
AAPL,72029,201002,0.5014,0.4014
AAPL,72029,201003,0.6629,0.6214
AAPL,72029,201004,0.9186,0.7729
AAPL,72029,201101,0.9143,0.7771
AAPL,72029,201102,1.1129,0.85
AAPL,72029,201103,1.0071,1.0157
AAPL,72029,201104,1.9814,1.5714
AAPL,72029,201201,1.7571,1.5343
AAPL,72029,201202,1.3314,1.5129
AAPL,72029,201203,1.2386,1.2414
AAPL,72029,201204,1.9729,2.2143
AAPL,72029,201301,1.4414,1.36
AAPL,72029,201302,1.0671,1.0557
AAPL,72029,201303,1.18,1.2129
AAPL,72029,201304,2.0714,2
AAPL,72029,201401,1.66,1.4371
AAPL,72029,201402,1.28,1.1786
AAPL,75222,200804,0.2543,0.2143
AAPL,75222,200901,0.19,0.1714
AAPL,75222,200902,0.1929,0.1871
AAPL,75222,200903,0.26,0.2371
AAPL,75222,200904,0.5243,0.3243
AAPL,75222,201001,0.4757,0.3443
AAPL,75222,201002,0.5014,0.4629
AAPL,75222,201003,0.6629,0.5786
AAPL,75222,201004,0.9186,0.7886
AAPL,75222,201101,0.9143,0.7929
AAPL,75222,201102,1.1129,0.8157
AAPL,75222,201103,1.0071,1.0943
AAPL,75222,201104,1.9814,1.5357
AAPL,75222,201201,1.7571,1.3157
AAPL,75222,201202,1.3314,1.4186
AAPL,75222,201203,1.2386,1.1557
AAPL,75222,201204,1.9729,1.8214
AAPL,75222,201301,1.4414,1.4286
AAPL,75222,201302,1.0671,0.9514
AAPL,75222,201303,1.18,1.1357
AAPL,75222,201304,2.0714,2.02
AAPL,75222,201401,1.66,1.3929
AAPL,75222,201402,1.28,1.1786
AAPL,75222,201403,1.42,1.25
AAPL,47677,200901,0.19,0.1471
AAPL,47677,200902,0.1929,0.1714
AAPL,47677,200903,0.26,0.2057
AAPL,47677,200904,0.5243,0.2914
AAPL,47677,201001,0.4757,0.3686
AAPL,47677,201002,0.5014,0.4814
AAPL,47677,201003,0.6629,0.5829
AAPL,47677,201004,0.9186,0.7971
AAPL,47677,201101,0.9143,0.81
AAPL,47677,201102,1.1129,0.8486
AAPL,47677,201103,1.0071,1.1029
AAPL,47677,201104,1.9814,1.5071
AAPL,47677,201201,1.7571,1.4857
AAPL,47677,201202,1.3314,1.7871
AAPL,47677,201203,1.2386,1.2057
AAPL,47677,201204,1.9729,2.0343
AAPL,47677,201301,1.4414,1.7143
AAPL,47677,201302,1.0671,1.0043
AAPL,47677,201303,1.18,1.1386
AAPL,47677,201304,2.0714,1.9943
AAPL,47677,201401,1.66,1.6514
AAPL,90940,200901,0.19,0.1557
AAPL,90940,200902,0.1929,0.1689
AAPL,90940,200903,0.26,0.1971
AAPL,90940,200904,0.5243,0.3143
AAPL,90940,201001,0.4757,0.3357
AAPL,90940,201002,0.5014,0.4246
AAPL,90940,201003,0.6629,0.5701
AAPL,130175,200901,0.19,0.1483
AAPL,130175,200902,0.1929,0.1574
AAPL,130175,200903,0.26,0.1909
AAPL,130175,200904,0.5243,0.2441
AAPL,130175,201001,0.4757,0.3206
AAPL,129986,200902,0.1929,0.1629
AAPL,129986,200903,0.26,0.2143
AAPL,129986,200904,0.5243,0.2986
AAPL,129986,201001,0.4757,0.3629
AAPL,129986,201002,0.5014,0.45
AAPL,129986,201003,0.6629,0.5814
AAPL,129986,201004,0.9186,0.7614
AAPL,129986,201101,0.9143,0.7929
AAPL,129986,201102,1.1129,0.8157
AAPL,129986,201103,1.0071,1.1429
AAPL,129986,201104,1.9814,1.4529
AAPL,129986,201201,1.7571,1.1843
AAPL,110711,200903,0.26,0.1929
AAPL,110711,200904,0.5243,0.2814
AAPL,110711,201001,0.4757,0.33
AAPL,110711,201002,0.5014,0.4414
AAPL,110711,201003,0.6629,0.5757
AAPL,110711,201004,0.9186,0.7529
AAPL,110711,201101,0.9143,0.7186
AAPL,110711,201102,1.1129,0.8171
AAPL,110711,201103,1.0071,0.9729
AAPL,110711,201104,1.9814,1.3286
AAPL,44520,200904,0.5243,0.2929
AAPL,44520,201001,0.4757,0.3429
AAPL,44520,201002,0.5014,0.4286
AAPL,44520,201003,0.6629,0.5714
AAPL,44520,201004,0.9186,0.77
AAPL,44520,201101,0.9143,0.7771
AAPL,44520,201102,1.1129,0.75
AAPL,70687,200904,0.5243,0.2486
AAPL,70687,201001,0.4757,0.3143
AAPL,70687,201004,0.9186,0.7143
AAPL,70687,201101,0.9143,0.75
AAPL,70687,201102,1.1129,0.8143
AAPL,70687,201103,1.0071,0.9757
AAPL,70687,201104,1.9814,1.4286
AAPL,70687,201201,1.7571,1.4286
AAPL,70687,201202,1.3314,1.3843
AAPL,134165,200904,0.5243,0.2943
AAPL,134165,201001,0.4757,0.3257
AAPL,134165,201002,0.5014,0.4543
AAPL,134165,201003,0.6629,0.6114
AAPL,134165,201004,0.9186,0.7871
AAPL,134165,201102,1.1129,0.8886
AAPL,134165,201103,1.0071,1.0357
AAPL,134165,201104,1.9814,1.6357
AAPL,134165,201201,1.7571,1.4686
AAPL,134165,201202,1.3314,1.5286
AAPL,134165,201203,1.2386,1.3529
AAPL,134165,201204,1.9729,2.0986
AAPL,134165,201301,1.4414,1.4614
AAPL,134165,201302,1.0671,1.07
AAPL,134165,201303,1.18,1.11
AAPL,134165,201304,2.0714,2.0071
AAPL,134165,201401,1.66,1.4186
AAPL,134165,201402,1.28,1.1686
AAPL,134165,201403,1.42,1.32
AAPL,134165,201501,2.33,2.11
AAPL,134165,201502,1.85,1.84
AAPL,134165,201503,1.96,1.8
AAPL,134165,201504,3.28,3.13
AAPL,134165,201601,1.9,1.92
AAPL,134165,201602,1.42,1.33
AAPL,134165,201603,1.67,1.62
AAPL,134165,201604,3.36,3.51
AAPL,40319,201002,0.5014,0.4229
AAPL,40319,201003,0.6629,0.5514
AAPL,40319,201101,0.9143,0.7857
AAPL,40319,201102,1.1129,0.7814
AAPL,40319,201103,1.0071,0.8714
AAPL,40319,201104,1.9814,1.4286
AAPL,40319,201201,1.7571,1.5357
AAPL,40319,201202,1.3314,1.3571
AAPL,40319,201203,1.2386,1.25
AAPL,40319,201204,1.9729,2
AAPL,40319,201301,1.4414,1.3429
AAPL,40319,201302,1.0671,1.0357
AAPL,40319,201303,1.18,1.1429
AAPL,40319,201401,1.66,1.4286
AAPL,40319,201402,1.28,1.22
AAPL,40319,201404,3.06,2.46
AAPL,40319,201501,2.33,1.89
AAPL,40319,201502,1.85,1.65
AAPL,40319,201503,1.96,1.92
AAPL,40319,201504,3.28,3.2
AAPL,40319,201601,1.9,2.03
AAPL,40319,201602,1.42,1.39
AAPL,40319,201603,1.67,1.66
AAPL,43767,201002,0.5014,0.4614
AAPL,43767,201003,0.6629,0.5971
AAPL,43767,201004,0.9186,0.7643
AAPL,43767,201101,0.9143,0.7614
AAPL,43767,201102,1.1129,0.8043
AAPL,43767,201104,1.9814,1.5286
AAPL,43767,201201,1.7571,1.35
AAPL,43767,201202,1.3314,1.6643
AAPL,43767,201401,1.66,1.4486
AAPL,43767,201402,1.28,1.23
AAPL,43767,201404,3.06,2.81
AAPL,43767,201501,2.33,2
AAPL,43767,201502,1.85,1.82
AAPL,43767,201503,1.96,1.91
AAPL,107682,201002,0.5014,0.4571
AAPL,107682,201003,0.6629,0.5843
AAPL,107682,201004,0.9186,0.8071
AAPL,107682,201101,0.9143,0.8143
AAPL,107682,201102,1.1129,0.9
AAPL,107682,201103,1.0071,0.9557
AAPL,107682,201104,1.9814,1.5714
AAPL,107682,201201,1.7571,1.5786
AAPL,107682,201202,1.3314,1.4929
AAPL,107682,201203,1.2386,1.2943
AAPL,107682,201204,1.9729,2.01
AAPL,107682,201301,1.4414,1.4886
AAPL,107682,201302,1.0671,1.0857
AAPL,107682,201303,1.18,1.1314
AAPL,107682,201304,2.0714,2.0071
AAPL,107682,201401,1.66,1.4843
AAPL,107682,201402,1.28,1.2
AAPL,107682,201403,1.42,1.37
AAPL,107682,201404,3.06,2.65
AAPL,107682,201501,2.33,2.18
AAPL,107682,201502,1.85,1.81
AAPL,107682,201503,1.96,1.95
AAPL,107682,201504,3.28,3.3
AAPL,107682,201601,1.9,2.06
AAPL,107682,201602,1.42,1.46
AAPL,107682,201603,1.67,1.67
AAPL,107682,201604,3.36,3.28
AAPL,120428,201002,0.5014,0.4243
AAPL,120428,201003,0.6629,0.5857
AAPL,120428,201004,0.9186,0.8214
AAPL,120428,201101,0.9143,0.7571
AAPL,120428,201102,1.1129,0.81
AAPL,120428,201103,1.0071,0.9714
AAPL,120428,201201,1.7571,1.4043
AAPL,120428,201202,1.3314,1.43
AAPL,120428,201203,1.2386,1.2643
AAPL,120428,201204,1.9729,1.84
AAPL,120428,201301,1.4414,1.3957
AAPL,120428,201302,1.0671,1.0271
AAPL,120428,201303,1.18,1.1543
AAPL,120428,201304,2.0714,1.9671
AAPL,120428,201401,1.66,1.4214
AAPL,120428,201402,1.28,1.2086
AAPL,120428,201403,1.42,1.27
AAPL,120428,201404,3.06,2.53
AAPL,120428,201501,2.33,2.08
AAPL,120428,201502,1.85,1.68
AAPL,120428,201503,1.96,1.84
AAPL,120428,201504,3.28,3.2
AAPL,120428,201601,1.9,2.02
AAPL,120428,201602,1.42,1.32
AAPL,120428,201603,1.67,1.65
AAPL,120428,201604,3.36,3.14
AAPL,126845,201002,0.5014,0.4457
AAPL,126845,201003,0.6629,0.58
AAPL,126845,201004,0.9186,0.7857
AAPL,126845,201101,0.9143,0.7614
AAPL,126845,201102,1.1129,0.8286
AAPL,126845,201103,1.0071,0.9243
AAPL,58499,201003,0.6629,0.6
AAPL,58499,201004,0.9186,0.7429
AAPL,58499,201101,0.9143,0.7286
AAPL,58499,201102,1.1129,0.7929
AAPL,58499,201103,1.0071,1.0714
AAPL,58499,201104,1.9814,1.3786
AAPL,58499,201201,1.7571,1.2443
AAPL,58499,201202,1.3314,1.5371
AAPL,58499,201203,1.2386,1.1429
AAPL,58499,201204,1.9729,1.8857
AAPL,58499,201301,1.4414,1.4457
AAPL,58499,201302,1.0671,1.0329
AAPL,58499,201303,1.18,1.1429
AAPL,58499,201304,2.0714,2.0329
AAPL,58499,201401,1.66,1.4571
AAPL,58499,201402,1.28,1.35
AAPL,58499,201403,1.42,1.34
AAPL,58499,201404,3.06,2.64
AAPL,58499,201501,2.33,2.2
AAPL,58499,201502,1.85,1.88
AAPL,58499,201503,1.96,1.98
AAPL,58499,201504,3.28,3.44
AAPL,58499,201601,1.9,2.33
AAPL,59610,201003,0.6629,0.5643
AAPL,59610,201004,0.9186,0.7614
AAPL,59610,201101,0.9143,0.7129
AAPL,59610,201102,1.1129,0.7286
AAPL,59610,201103,1.0071,1.0214
AAPL,59610,201104,1.9814,1.3586
AAPL,59610,201201,1.7571,1.2571
AAPL,78750,201003,0.6629,0.5757
AAPL,78750,201004,0.9186,0.7643
AAPL,78750,201101,0.9143,0.7329
AAPL,78750,201102,1.1129,0.8686
AAPL,78750,201103,1.0071,1.1243
AAPL,78750,201104,1.9814,1.45
AAPL,78750,201201,1.7571,1.3
AAPL,78750,201202,1.3314,1.5471
AAPL,78750,201203,1.2386,1.2429
AAPL,78750,201204,1.9729,1.8957
AAPL,78750,201301,1.4414,1.4286
AAPL,78750,201302,1.0671,1.0529
AAPL,78750,201303,1.18,1.1514
AAPL,78750,201304,2.0714,2.0443
AAPL,78750,201401,1.66,1.47
AAPL,78750,201402,1.28,1.25
AAPL,78750,201403,1.42,1.27
AAPL,78750,201404,3.06,2.61
AAPL,78750,201501,2.33,2.18
AAPL,78750,201502,1.85,1.82
AAPL,78750,201503,1.96,1.88
AAPL,78750,201504,3.28,3.3
AAPL,78750,201601,1.9,1.99
AAPL,78750,201602,1.42,1.37
AAPL,78750,201603,1.67,1.59
AAPL,78750,201604,3.36,3.22
AAPL,107846,201003,0.6629,0.5743
AAPL,107846,201004,0.9186,0.7586
AAPL,107846,201101,0.9143,0.7586
AAPL,107846,201102,1.1129,0.8186
AAPL,107846,201103,1.0071,1.0214
AAPL,107846,201104,1.9814,1.4243
AAPL,107846,201201,1.7571,1.5
AAPL,107846,201202,1.3314,1.4214
AAPL,107846,201203,1.2386,1.2386
AAPL,107846,201204,1.9729,2.0057
AAPL,107846,201301,1.4414,1.4343
AAPL,107846,201302,1.0671,1.0143
AAPL,107846,201303,1.18,1.1343
AAPL,107846,201304,2.0714,2.0386
AAPL,107846,201401,1.66,1.4386
AAPL,107846,201402,1.28,1.25
AAPL,107846,201403,1.42,1.28
AAPL,107846,201404,3.06,2.72
AAPL,107846,201501,2.33,2.26
AAPL,107846,201502,1.85,1.8
AAPL,107846,201503,1.96,1.86
AAPL,107846,201504,3.28,3.19
AAPL,107846,201601,1.9,2.02
AAPL,107846,201602,1.42,1.34
AAPL,107846,201603,1.67,1.68
AAPL,107846,201604,3.36,3.16
AAPL,51096,201004,0.9186,0.7571
AAPL,51096,201101,0.9143,0.7686
AAPL,51096,201102,1.1129,0.7971
AAPL,51096,201103,1.0071,1.0329
AAPL,51096,201104,1.9814,1.5343
AAPL,51096,201201,1.7571,1.4371
AAPL,51096,201202,1.3314,1.4557
AAPL,51096,201203,1.2386,1.2871
AAPL,51096,201204,1.9729,1.98
AAPL,51096,201301,1.4414,1.3986
AAPL,51096,201302,1.0671,0.9943
AAPL,51096,201303,1.18,1.1343
AAPL,51096,201304,2.0714,1.9629
AAPL,51096,201401,1.66,1.4486
AAPL,51096,201402,1.28,1.1957
AAPL,51096,201403,1.42,1.29
AAPL,51096,201404,3.06,2.52
AAPL,51096,201501,2.33,2.08
AAPL,51096,201502,1.85,1.66
AAPL,51096,201503,1.96,1.83
AAPL,51096,201504,3.28,3.2
AAPL,51096,201601,1.9,1.89
AAPL,51096,201602,1.42,1.37
AAPL,51096,201603,1.67,1.59
AAPL,51096,201604,3.36,3.16
AAPL,58307,201004,0.9186,0.7671
AAPL,58307,201101,0.9143,0.7214
AAPL,58307,201102,1.1129,0.8271
AAPL,58307,201103,1.0071,1.03
AAPL,58307,201104,1.9814,1.4171
AAPL,58307,201201,1.7571,1.3343
AAPL,58307,201202,1.3314,1.3714
AAPL,58307,201203,1.2386,1.22
AAPL,58307,201204,1.9729,2.0343
AAPL,70721,201004,0.9186,0.7486
AAPL,70721,201101,0.9143,0.76
AAPL,70721,201102,1.1129,0.8129
AAPL,70721,201103,1.0071,0.9571
AAPL,70721,201104,1.9814,1.3829
AAPL,70721,201201,1.7571,1.3757
AAPL,70721,201202,1.3314,1.4714
AAPL,70721,201203,1.2386,1.2643
AAPL,70721,201204,1.9729,2.0271
AAPL,70721,201301,1.4414,1.39
AAPL,70721,201302,1.0671,1.0771
AAPL,127008,201004,0.9186,0.7714
AAPL,127008,201101,0.9143,0.6929
AAPL,127008,201102,1.1129,0.9171
AAPL,127008,201103,1.0071,1.0686
AAPL,127008,201104,1.9814,1.2686
AAPL,127008,201201,1.7571,1.4457
AAPL,127008,201202,1.3314,1.5071
AAPL,127008,201203,1.2386,1.3143
AAPL,127008,201204,1.9729,1.76
AAPL,127008,201302,1.0671,1.1643
AAPL,19412,201101,0.9143,0.7657
AAPL,19412,201102,1.1129,0.8214
AAPL,19412,201103,1.0071,1.0886
AAPL,19412,201104,1.9814,1.5729
AAPL,19412,201201,1.7571,1.3729
AAPL,19412,201202,1.3314,1.4114
AAPL,19412,201503,1.96,1.87
AAPL,19412,201504,3.28,3.22
AAPL,76979,201101,0.9143,0.8214
AAPL,76979,201102,1.1129,0.8929
AAPL,76979,201103,1.0071,1.1186
AAPL,76979,201104,1.9814,1.57
AAPL,76979,201201,1.7571,1.5414
AAPL,76979,201202,1.3314,1.45
AAPL,76979,201203,1.2386,1.2429
AAPL,76979,201204,1.9729,2.0843
AAPL,76979,201301,1.4414,1.4771
AAPL,76979,201302,1.0671,1.0614
AAPL,76979,201303,1.18,1.1456
AAPL,76979,201304,2.0714,2.1433
AAPL,76979,201401,1.66,1.3806
AAPL,76979,201402,1.28,1.218
AAPL,76979,201403,1.42,1.334
AAPL,76979,201404,3.06,2.966
AAPL,76979,201501,2.33,2.188
AAPL,76979,201502,1.85,1.873
AAPL,76979,201503,1.96,1.876
AAPL,76979,201601,1.9,2.09
AAPL,76979,201602,1.42,1.385
AAPL,76979,201603,1.67,1.73
AAPL,76979,201604,3.36,3.111
AAPL,92348,201101,0.9143,0.8543
AAPL,92348,201102,1.1129,0.8986
AAPL,92348,201103,1.0071,1.17
AAPL,92348,201104,1.9814,1.5471
AAPL,92348,201201,1.7571,1.5143
AAPL,92348,201202,1.3314,1.61
AAPL,92348,201203,1.2386,1.2814
AAPL,92348,201204,1.9729,1.7871
AAPL,92348,201301,1.4414,1.5243
AAPL,92348,201302,1.0671,1.0771
AAPL,86653,201102,1.1129,0.8214
AAPL,86653,201103,1.0071,0.9886
AAPL,86653,201104,1.9814,1.4286
AAPL,86653,201201,1.7571,1.4157
AAPL,86653,201202,1.3314,1.5729
AAPL,86653,201203,1.2386,1.3371
AAPL,46430,201103,1.0071,1.0286
AAPL,46430,201104,1.9814,1.3929
AAPL,46430,201201,1.7571,1.3714
AAPL,46430,201202,1.3314,1.4786
AAPL,90646,201103,1.0071,1.1571
AAPL,90646,201104,1.9814,1.3743
AAPL,90646,201201,1.7571,1.4171
AAPL,90646,201202,1.3314,1.4814
AAPL,90646,201203,1.2386,1.2171
AAPL,90646,201204,1.9729,1.98
AAPL,90646,201301,1.4414,1.4186
AAPL,90646,201302,1.0671,1.0329
AAPL,90646,201303,1.18,1.17
AAPL,90646,201304,2.0714,2.0314
AAPL,90646,201401,1.66,1.4686
AAPL,90646,201402,1.28,1.2557
AAPL,90646,201403,1.42,1.32
AAPL,143656,201103,1.0071,1.0814
AAPL,143656,201104,1.9814,1.4543
AAPL,143656,201201,1.7571,1.36
AAPL,143656,201202,1.3314,1.4543
AAPL,143656,201203,1.2386,1.2714
AAPL,143656,201204,1.9729,2.0329
AAPL,143656,201301,1.4414,1.4257
AAPL,143656,201302,1.0671,1.0243
AAPL,143656,201303,1.18,1.18
AAPL,143656,201304,2.0714,2.0043
AAPL,143656,201401,1.66,1.4371
AAPL,143656,201402,1.28,1.2371
AAPL,143656,201403,1.42,1.26
AAPL,143656,201404,3.06,2.55
AAPL,143656,201501,2.33,2.01
AAPL,144094,201103,1.0071,1.1343
AAPL,144094,201104,1.9814,1.3614
AAPL,144094,201201,1.7571,1.3414
AAPL,144094,201202,1.3314,1.4343
AAPL,144094,201203,1.2386,1.28
AAPL,144094,201204,1.9729,1.8286
AAPL,144094,201301,1.4414,1.4843
AAPL,144094,201302,1.0671,1.1214
AAPL,144094,201303,1.18,1.1271
AAPL,144094,201304,2.0714,2.0129
AAPL,144094,201401,1.66,1.4729
AAPL,144094,201402,1.28,1.2
AAPL,144094,201403,1.42,1.32
AAPL,144094,201404,3.06,2.46
AAPL,144094,201501,2.33,2
AAPL,144094,201502,1.85,1.8
AAPL,144094,201503,1.96,1.9
AAPL,144094,201504,3.28,3.21
AAPL,144094,201601,1.9,2.05
AAPL,144094,201602,1.42,1.47
AAPL,144094,201603,1.67,1.67
AAPL,144094,201604,3.36,3.28
AAPL,132104,201104,1.9814,1.4557
AAPL,132104,201201,1.7571,1.3586
AAPL,132104,201202,1.3314,1.4329
AAPL,132104,201203,1.2386,1.2257
AAPL,132104,201204,1.9729,1.95
AAPL,132104,201301,1.4414,1.3457
AAPL,132104,201302,1.0671,1.0457
AAPL,132104,201303,1.18,1.1471
AAPL,132104,201304,2.0714,1.9729
AAPL,132104,201401,1.66,1.4314
AAPL,132104,201402,1.28,1.2586
AAPL,110208,201201,1.7571,1.4271
AAPL,110208,201202,1.3314,1.55
AAPL,110208,201203,1.2386,1.2314
AAPL,110208,201204,1.9729,1.97
AAPL,110208,201301,1.4414,1.37
AAPL,110208,201302,1.0671,1.0229
AAPL,110208,201303,1.18,1.1586
AAPL,110208,201304,2.0714,2
AAPL,110208,201401,1.66,1.44
AAPL,110208,201402,1.28,1.2071
AAPL,110208,201403,1.42,1.33
AAPL,110208,201404,3.06,2.62
AAPL,110208,201501,2.33,2.14
AAPL,110208,201502,1.85,1.78
AAPL,110208,201503,1.96,1.83
AAPL,110208,201504,3.28,3.18
AAPL,110208,201601,1.9,1.99
AAPL,110208,201602,1.42,1.39
AAPL,110208,201603,1.67,1.68
AAPL,110208,201604,3.36,3.15
AAPL,120641,201201,1.7571,1.3786
AAPL,120641,201202,1.3314,1.3743
AAPL,120641,201203,1.2386,1.1986
AAPL,120641,201204,1.9729,1.9329
AAPL,120641,201301,1.4414,1.4186
AAPL,120641,201302,1.0671,1.0257
AAPL,120641,201303,1.18,1.1143
AAPL,120641,201304,2.0714,1.9657
AAPL,120641,201401,1.66,1.3857
AAPL,120641,201402,1.28,1.1386
AAPL,120641,201403,1.42,1.23
AAPL,120641,201404,3.06,2.45
AAPL,120641,201501,2.33,2.06
AAPL,120641,201502,1.85,1.65
AAPL,120641,201503,1.96,1.82
AAPL,120641,201504,3.28,3.12
AAPL,120641,201601,1.9,1.97
AAPL,120641,201602,1.42,1.37
AAPL,120641,201603,1.67,1.64
AAPL,120641,201604,3.36,3.15
AAPL,155522,201202,1.3314,1.59
AAPL,155522,201203,1.2386,1.1571
AAPL,155522,201204,1.9729,2.03
AAPL,155522,201301,1.4414,1.5186
AAPL,155522,201302,1.0671,1.0657
AAPL,155522,201303,1.18,1.1257
AAPL,155522,201304,2.0714,1.9857
AAPL,155522,201401,1.66,1.4586
AAPL,155522,201402,1.28,1.37
AAPL,155522,201403,1.42,1.26
AAPL,155522,201404,3.06,2.63
AAPL,155522,201501,2.33,2.14
AAPL,155522,201502,1.85,1.79
AAPL,155522,201503,1.96,1.9
AAPL,42413,201203,1.2386,1.2757
AAPL,42413,201204,1.9729,1.8343
AAPL,42413,201301,1.4414,1.49
AAPL,42413,201302,1.0671,1.0314
AAPL,42413,201303,1.18,1.1329
AAPL,42413,201304,2.0714,1.9529
AAPL,42413,201401,1.66,1.45
AAPL,42413,201402,1.28,1.27
AAPL,42413,201403,1.42,1.28
AAPL,42413,201404,3.06,2.53
AAPL,42413,201501,2.33,2.16
AAPL,42413,201502,1.85,1.73
AAPL,108607,201203,1.2386,1.1443
AAPL,108607,201204,1.9729,2.0043
AAPL,108607,201301,1.4414,1.3857
AAPL,108607,201302,1.0671,1.0543
AAPL,108607,201303,1.18,1.1271
AAPL,108607,201304,2.0714,1.9886
AAPL,108607,201401,1.66,1.4729
AAPL,108607,201402,1.28,1.2
AAPL,108607,201403,1.42,1.33
AAPL,108607,201404,3.06,2.54
AAPL,108607,201501,2.33,2.26
AAPL,108607,201502,1.85,1.86
AAPL,108607,201503,1.96,1.88
AAPL,108607,201504,3.28,3.18
AAPL,108607,201601,1.9,2.02
AAPL,108607,201602,1.42,1.36
AAPL,108607,201603,1.67,1.69
AAPL,108607,201604,3.36,3.16
AAPL,54719,201204,1.9729,1.71
AAPL,54719,201301,1.4414,1.3186
AAPL,54719,201302,1.0671,1.0114
AAPL,54719,201303,1.18,1.0714
AAPL,54719,201304,2.0714,1.9529
AAPL,54719,201401,1.66,1.4157
AAPL,54719,201402,1.28,1.1857
AAPL,54719,201403,1.42,1.1557
AAPL,73315,201204,1.9729,1.8157
AAPL,73315,201301,1.4414,1.3543
AAPL,73315,201302,1.0671,1.0057
AAPL,73315,201303,1.18,1.1229
AAPL,73315,201304,2.0714,2.0157
AAPL,73315,201401,1.66,1.4743
AAPL,73315,201402,1.28,1.18
AAPL,73315,201403,1.42,1.35
AAPL,73315,201404,3.06,2.55
AAPL,108299,201301,1.4414,1.4271
AAPL,108299,201302,1.0671,1.0429
AAPL,108299,201303,1.18,1.1743
AAPL,108299,201304,2.0714,1.9614
AAPL,108299,201401,1.66,1.49
AAPL,108299,201402,1.28,1.2629
AAPL,148386,201301,1.4414,1.3986
AAPL,148386,201302,1.0671,1.0171
AAPL,148386,201303,1.18,1.0729
AAPL,148386,201304,2.0714,1.9557
AAPL,148386,201401,1.66,1.4629
AAPL,51140,201302,1.0671,1.1743
AAPL,51140,201303,1.18,1.0871
AAPL,51140,201304,2.0714,1.9714
AAPL,51140,201401,1.66,1.6486
AAPL,81187,201302,1.0671,0.9486
AAPL,81187,201303,1.18,1.13
AAPL,81187,201304,2.0714,2.0029
AAPL,81187,201401,1.66,1.4014
AAPL,81187,201402,1.28,1.24
AAPL,81187,201403,1.42,1.31
AAPL,81187,201404,3.06,2.88
AAPL,81187,201501,2.33,2.12
AAPL,81187,201502,1.85,1.91
AAPL,81187,201503,1.96,1.75
AAPL,81187,201504,3.28,2.83
AAPL,81187,201601,1.9,1.93
AAPL,77028,201401,1.66,1.4686
AAPL,77028,201402,1.28,1.2
AAPL,77028,201403,1.42,1.23
AAPL,77028,201404,3.06,2.48
AAPL,77028,201501,2.33,2.06
AAPL,77028,201502,1.85,1.7
AAPL,77028,201503,1.96,1.84
AAPL,77028,201504,3.28,3.25
AAPL,77028,201601,1.9,1.99
AAPL,77028,201602,1.42,1.36
AAPL,77028,201603,1.67,1.62
AAPL,77028,201604,3.36,3.2
AAPL,109688,201401,1.66,1.4861
AAPL,109688,201402,1.28,1.2043
AAPL,109688,201403,1.42,1.276
AAPL,109688,201404,3.06,2.501
AAPL,109688,201501,2.33,2.199
AAPL,109688,201502,1.85,1.905
AAPL,109688,201503,1.96,1.87
AAPL,109688,201504,3.28,3.205
AAPL,109688,201601,1.9,1.994
AAPL,109688,201602,1.42,1.438
AAPL,109688,201603,1.67,1.695
AAPL,109688,201604,3.36,3.19
AAPL,112843,201401,1.66,1.4486
AAPL,112843,201402,1.28,1.21
AAPL,112843,201403,1.42,1.37
AAPL,112843,201404,3.06,2.6
AAPL,112843,201501,2.33,2.27
AAPL,112843,201502,1.85,1.82
AAPL,112843,201503,1.96,1.89
AAPL,112843,201504,3.28,3.3
AAPL,112843,201601,1.9,1.99
AAPL,112843,201602,1.42,1.37
AAPL,112843,201603,1.67,1.7
AAPL,112843,201604,3.36,3.18
AAPL,113093,201402,1.28,1.24
AAPL,113093,201403,1.42,1.3
AAPL,113093,201404,3.06,2.67
AAPL,113093,201501,2.33,2.23
AAPL,113093,201502,1.85,1.79
AAPL,113093,201503,1.96,1.8
AAPL,113093,201504,3.28,3.17
AAPL,113093,201601,1.9,1.95
AAPL,113093,201602,1.42,1.35
AAPL,113093,201603,1.67,1.67
AAPL,113093,201604,3.36,3.24
AAPL,125669,201403,1.42,1.47
AAPL,125669,201404,3.06,2.75
AAPL,125669,201501,2.33,2.26
AAPL,125669,201502,1.85,1.89
AAPL,125669,201503,1.96,1.92
AAPL,125669,201504,3.28,3.3
AAPL,125669,201601,1.9,1.98
AAPL,125669,201602,1.42,1.38
AAPL,125669,201603,1.67,1.63
AAPL,125669,201604,3.36,3.25
AAPL,136753,201403,1.42,1.4
AAPL,136753,201404,3.06,2.61
AAPL,136753,201501,2.33,2.16
AAPL,136753,201502,1.85,1.73
AAPL,136753,201503,1.96,1.87
AAPL,136753,201504,3.28,3.19
AAPL,136753,201601,1.9,2.02
AAPL,136753,201602,1.42,1.36
AAPL,136753,201603,1.67,1.66
AAPL,136753,201604,3.36,3.14
AAPL,140184,201403,1.42,1.31
AAPL,140184,201404,3.06,2.82
AAPL,140184,201501,2.33,2.43
AAPL,140184,201502,1.85,1.99
AAPL,140184,201503,1.96,1.83
AAPL,140184,201504,3.28,3.2
AAPL,110260,201501,2.33,2.14
AAPL,110260,201502,1.85,1.79
AAPL,110260,201503,1.96,1.89
AAPL,110260,201504,3.28,3.24
AAPL,110260,201601,1.9,1.97
AAPL,110260,201602,1.42,1.7
AAPL,119509,201501,2.33,2.2
AAPL,119509,201502,1.85,1.79
AAPL,119509,201503,1.96,1.91
AAPL,119509,201504,3.28,3.34
AAPL,119509,201601,1.9,1.95
AAPL,119509,201602,1.42,1.36
AAPL,119509,201603,1.67,1.64
AAPL,119509,201604,3.36,3.11
AAPL,82561,201503,1.96,1.86
AAPL,82561,201504,3.28,3.2
AAPL,82561,201601,1.9,2.01
AAPL,82561,201602,1.42,1.41
AAPL,82561,201603,1.67,1.66
AAPL,82561,201604,3.36,3.25
AAPL,110448,201503,1.96,1.84
AAPL,110448,201504,3.28,3.28
AAPL,110448,201601,1.9,2.17
AAPL,110448,201602,1.42,1.43
AAPL,110448,201603,1.67,1.7
AAPL,110448,201604,3.36,3.26
AAPL,49552,201504,3.28,3.15
AAPL,49552,201601,1.9,2.03
AAPL,49552,201602,1.42,1.45
AAPL,49552,201603,1.67,1.67
AAPL,49552,201604,3.36,3.27
AAPL,9584,201601,1.9,2.01
AAPL,9584,201602,1.42,1.43
AAPL,9584,201603,1.67,1.63
AAPL,9584,201604,3.36,3.22